key,normalized,source,not_found_word,pages_extracted,pages_word,pages_raw,pages_curated,pages_final,search_terms
24 Hours From Tulsa,24 Hours From Tulsa,WORD,0,"154, 423","155, 425",,"155, 425","155, 425","24 Hours From Tulsa | Tulsa, 24 Hours From"
Adventures in Jazz Composition,Adventures in Jazz Composition,WORD,0,"405, 429",406,,,406,"Adventures in Jazz Composition | Composition, Adventures in Jazz"
Woody Allen,"Allen, Woody",WORD,0,"387, 388","389, 390","389, 390",,"389, 390","Woody Allen | Allen, Woody | Woody, Allen,"
Also Sprach Zarathustra,Also Sprach Zarathustra,WORD,0,"49, 50, 109, 111","110, 111","110, 111","110, 111","110, 111","Also Sprach Zarathustra | Zarathustra, Also Sprach"
John Altman,"Altman, John",WORD,0,"47, 103, 128, 140, 159, 170, 293, 297, 324, 369, 396, 412","103, 294, 298, 325, 370, 397, 398, 414","103, 294, 298, 325, 370, 397, 398, 414","103, 294, 298, 325, 370, 397, 398, 414","103, 294, 298, 325, 370, 397, 398, 414","John Altman | Altman, John | John, Altman,"
Always Look On The Bright Side Of Life,Always Look On The Bright Side Of Life,WORD,0,"297, 323","298, 324",,"298, 324","298, 324","Always Look On The Bright Side Of Life | Life, Always Look On The Bright Side Of"
American Garage,American Garage,WORD,0,"60, 62, 65, 134, 139, 147, 423","135, 137, 140, 148, 425","135, 137, 140, 148, 425","135, 137, 140, 148, 425","135, 137, 140, 148, 425","American Garage | Garage, American"
Morey Amsterdam,"Amsterdam, Morey",WORD,0,"4, 8, 9, 152, 351","8, 9, 353","8, 9, 353","8, 9, 353","8, 9, 353","Morey Amsterdam | Amsterdam, Morey | Morey, Amsterdam,"
Jon Anderson,"Anderson, Jon",WORD,0,"23, 24, 52, 55","52, 55","52, 55","52, 55","52, 55","Jon Anderson | Anderson, Jon | Jon, Anderson,"
Steve Anderson,"Anderson, Steve",WORD,0,"37, 81, 136, 152, 315, 351","81, 316, 353","81, 316, 353","81, 316, 353","81, 316, 353","Steve Anderson | Anderson, Steve | Steve, Anderson,"
Simon Andrew,"Andrew, Simon",WORD,0,"87, 100, 196, 229, 424","196, 230, 425","196, 230, 425","196, 230, 425","196, 230, 425","Simon Andrew | Andrew, Simon | Simon, Andrew,"
Derek Andrews,"Andrews, Derek",WORD,0,"36, 44, 45, 80, 82, 98, 99, 145, 186, 335","81, 99, 186, 337","81, 99, 186, 337","81, 99, 186, 337","81, 99, 186, 337","Derek Andrews | Andrews, Derek | Derek, Andrews,"
Julie Andrews,"Andrews, Julie",WORD,0,"66, 67, 135, 150, 151, 152, 314","150, 151, 152, 314","150, 151, 152, 314","150, 151, 152, 314","150, 151, 152, 314","Julie Andrews | Andrews, Julie | Julie, Andrews,"
Angel Studios,Angel Studios,WORD,0,"268, 407","269, 409","269, 409","269, 409","269, 409","Angel Studios | Studios, Angel"
David Arden,"Arden, David",WORD,0,"43, 44, 96, 97","96, 97","96, 97","96, 97","96, 97","David Arden | Arden, David | David, Arden,"
Arrange Like A Pro,Arrange Like A Pro,WORD,0,"405, 429",407,,,407,"Arrange Like A Pro | Pro, Arrange Like A"
Rick Astley,"Astley, Rick",WORD,0,"102, 164, 232, 379","233, 381","233, 381","233, 381","233, 381","Rick Astley | Astley, Rick | Rick, Astley,"
Average White Band,Average White Band,WORD,0,"72, 131, 142, 162, 299, 331","162, 301, 332","162, 301, 332","162, 301, 332","162, 301, 332","Average White Band | Band, Average White"
Jay Azzolina,"Azzolina, Jay",WORD,0,"71, 412","72, 414",,,"72, 414","Jay Azzolina | Azzolina, Jay | Jay, Azzolina,"
A Day In The Life,A Day In The Life,WORD,0,"226, 234","226, 235",,"226, 235","226, 235","A Day In The Life | Life, A Day In The"
Burt Bacharach,"Bacharach, Burt",WORD,0,"9, 22, 82, 122, 186, 278, 279","22, 186, 279","22, 186, 279","22, 186, 279","22, 186, 279","Burt Bacharach | Bacharach, Burt | Burt, Bacharach,"
Jess Bailey,"Bailey, Jess",WORD,0,"68, 69, 72, 81, 82, 88, 101, 103, 114, 153, 157, 163, 185, 186, 199, 230, 231, 235, 260, 355","154, 157, 163, 185, 187, 199, 231, 232, 235, 261, 356","154, 157, 163, 185, 187, 199, 231, 232, 235, 261, 356","154, 157, 163, 185, 187, 199, 231, 232, 235, 261, 356","154, 157, 163, 185, 187, 199, 231, 232, 235, 261, 356","Jess Bailey | Bailey, Jess | Jess, Bailey,"
Ginger Baker,"Baker, Ginger",WORD,0,"18, 19, 43",43,,,43,"Ginger Baker | Baker, Ginger | Ginger, Baker,"
Michael Ball,"Ball, Michael",WORD,0,"151, 153, 350, 355","352, 356, 357","352, 356, 357","352, 356, 357","352, 356, 357","Michael Ball | Ball, Michael | Michael, Ball,"
Bandzilla Rises,Bandzilla Rises,WORD,0,"278, 364, 398, 400, 427","278, 365, 400, 402, 429","278, 365, 400, 402, 429","278, 365, 400, 402, 429","278, 365, 400, 402, 429","Bandzilla Rises | Rises, Bandzilla"
The Bandzilla Songbook,"Bandzilla Songbook, The",WORD,0,"401, 428","402, 430","402, 430",,"402, 430","The Bandzilla Songbook | Bandzilla Songbook, The | Songbook, The Bandzilla | The, Bandzilla Songbook,"
Guy Barker,"Barker, Guy",WORD,0,"68, 71, 72, 80, 81, 88, 93, 94, 103, 153, 161, 162, 164, 180, 183, 198, 210, 214, 234","153, 161, 163, 165, 180, 183, 199, 211, 215, 235","153, 161, 163, 165, 180, 183, 199, 211, 215, 235","153, 161, 163, 165, 180, 183, 199, 211, 215, 235","153, 161, 163, 165, 180, 183, 199, 211, 215, 235","Guy Barker | Barker, Guy | Guy, Barker,"
Ed Barker,"Barker, Ed",WORD,0,"162, 168, 172, 376, 389, 400, 427","327, 378, 391, 402, 429","327, 378, 391, 402, 429","327, 378, 391, 402, 429","327, 378, 391, 402, 429","Ed Barker | Barker, Ed | Ed, Barker,"
Gary Barnacle,"Barnacle, Gary",WORD,0,"86, 90, 193, 204","194, 204","194, 204","194, 204","194, 204","Gary Barnacle | Barnacle, Gary | Gary, Barnacle,"
David Barnes,"Barnes, David",WORD,0,"32, 33, 34, 41, 42, 73, 74, 76, 89, 94, 173","73, 74, 75, 76, 90, 94, 174","73, 74, 75, 76, 90, 94, 174","73, 74, 75, 76, 90, 94, 174","73, 74, 75, 76, 90, 94, 174","David Barnes | Barnes, David | David, Barnes,"
Mike Batt,"Batt, Mike",WORD,0,"147, 148, 341, 344","339, 343, 345","339, 343, 345","339, 343, 345","339, 343, 345","Mike Batt | Batt, Mike | Mike, Batt,"
Harold Battiste,"Battiste, Harold",WORD,0,"292, 296","293, 297",,,"293, 297","Harold Battiste | Battiste, Harold | Harold, Battiste,"
BBC Big Band,BBC Big Band,WORD,0,"121, 127, 134, 135, 137, 145, 165, 169","278, 291, 310, 319, 337, 384","278, 291, 310, 319, 337, 384",,"278, 291, 310, 319, 337, 384","BBC Big Band | Band, BBC Big"
BBC Concert Orchestra,BBC Concert Orchestra,WORD,0,"273, 318, 319","274, 319, 320","274, 319, 320",,"274, 319, 320","BBC Concert Orchestra | Orchestra, BBC Concert"
The Beach Boys,"Beach Boys, The",WORD,0,"22, 76",76,"22, 76","22, 76",76,"The Beach Boys | Beach Boys, The | Boys, The Beach | The, Beach Boys,"
The Beatles,"Beatles, The",WORD,0,"13, 30, 77, 99, 175, 226","1, 30, 137, 176, 226, 385, 406","1, 30, 137, 176, 226, 385, 406","1, 30, 137, 176, 226, 385, 406","1, 30, 137, 176, 226, 385, 406","The Beatles | Beatles, The | The, Beatles,"
Bee Gees,Bee Gees,WORD,0,"20, 344, 370","20, 345, 372","20, 345, 372","20, 345, 372","20, 345, 372","Bee Gees | Gees, Bee"
Never Before,"Before, Never",WORD,0,"143, 427, 428","144, 169, 428, 430","144, 169, 428, 430",,"144, 169, 428, 430","Never Before | Before, Never | Never, Before,"
Being Boring,Being Boring,WORD,0,"259, 260","260, 261","260, 261","260, 261","260, 261","Being Boring | Boring, Being"
Dylan Bell,"Bell, Dylan",WORD,0,"384, 385","386, 387","386, 387",,"386, 387","Dylan Bell | Bell, Dylan | Dylan, Bell,"
Jaki Benar,"Benar, Jaki",WORD,0,"146, 147","146, 148","146, 148",,"146, 148","Jaki Benar | Benar, Jaki | Jaki, Benar,"
George Benson,"Benson, George",WORD,0,"8, 20, 179, 422","20, 423","20, 423","20, 423","20, 423","George Benson | Benson, George | George, Benson,"
Leonard Bernstein,"Bernstein, Leonard",WORD,0,"118, 165, 176, 177, 268, 382, 413, 415","269, 384, 414, 416","269, 384, 414, 416","269, 384, 414, 416","269, 384, 414, 416","Leonard Bernstein | Bernstein, Leonard | Leonard, Bernstein,"
Nicholas Biddle,"Biddle, Nicholas",WORD,0,"14, 15, 33","33, 34","33, 34","33, 34","33, 34","Nicholas Biddle | Biddle, Nicholas | Nicholas, Biddle,"
Big Roll Band,Big Roll Band,WORD,0,"13, 17, 29, 41, 175, 411","29, 41, 413","29, 41, 413","29, 41, 413","29, 41, 413","Big Roll Band | Band, Big Roll"
Mike Bigwood,"Bigwood, Mike",WORD,0,"87, 95, 100, 120, 158, 197, 214, 216, 228, 271, 364","197, 216, 229, 272, 365","197, 216, 229, 272, 365","197, 216, 229, 272, 365","197, 216, 229, 272, 365","Mike Bigwood | Bigwood, Mike | Mike, Bigwood,"
Dave Bishop,"Bishop, Dave",WORD,0,"93, 99, 101, 110, 152, 174, 209, 227, 231, 250, 351, 407","210, 228, 232, 251, 353, 410","210, 228, 232, 251, 353, 410","210, 228, 232, 251, 353, 410","210, 228, 232, 251, 353, 410","Dave Bishop | Bishop, Dave | Dave, Bishop,"
Cilla Black,"Black, Cilla",WORD,0,"122, 148, 278, 344, 425","279, 345, 427","279, 345, 427","279, 345, 427","279, 345, 427","Cilla Black | Black, Cilla | Cilla, Black,"
Chris Blackwell,"Blackwell, Chris",WORD,0,"166, 167","167, 168","167, 168",,"167, 168","Chris Blackwell | Blackwell, Chris | Chris, Blackwell,"
Blue Movies,Blue Movies,WORD,0,"215, 424","216, 426","216, 426","216, 426","216, 426","Blue Movies | Movies, Blue"
Colin Blunstone,"Blunstone, Colin",WORD,0,"25, 56, 57, 124","58, 124, 125","58, 124, 125","58, 124, 125","58, 124, 125","Colin Blunstone | Blunstone, Colin | Colin, Blunstone,"
Betty Boo,"Boo, Betty",WORD,0,"1, 425","1, 426","1, 426",,"1, 426","Betty Boo | Boo, Betty | Betty, Boo,"
John Boorman,"Boorman, John",WORD,0,"29, 30, 66","66, 67","66, 67","66, 67","66, 67","John Boorman | Boorman, John | John, Boorman,"
Derek Bramble,"Bramble, Derek",WORD,0,"84, 86, 173, 190, 194, 403","190, 194, 406","190, 194, 406","190, 194, 406","190, 194, 406","Derek Bramble | Bramble, Derek | Derek, Bramble,"
Breaking Away,Breaking Away,WORD,0,"190, 424","191, 426","191, 426","191, 426","191, 426","Breaking Away | Away, Breaking"
Michael Brecker,"Brecker, Michael",WORD,0,"65, 127, 129, 147, 290, 294","147, 291, 295","147, 291, 295","147, 291, 295","147, 291, 295","Michael Brecker | Brecker, Michael | Michael, Brecker,"
Randy Brecker,"Brecker, Randy",WORD,0,"171, 172, 174, 399, 400, 408","401, 402, 410","401, 402, 410","401, 402, 410","401, 402, 410","Randy Brecker | Brecker, Randy | Randy, Brecker,"
Brecker Brothers,Brecker Brothers,WORD,0,"93, 207, 307","93, 208, 308","93, 208, 308","93, 208, 308","93, 208, 308","Brecker Brothers | Brothers, Brecker"
Buddy Bregman,"Bregman, Buddy",WORD,0,"25, 26, 58",58,,,58,"Buddy Bregman | Bregman, Buddy | Buddy, Bregman,"
Bright Eyes,Bright Eyes,WORD,0,"341, 342, 344, 345","339, 342, 344, 345, 346","339, 342, 344, 345, 346","339, 342, 344, 345, 346","339, 342, 344, 345, 346","Bright Eyes | Eyes, Bright"
Bright Size Life,Bright Size Life,WORD,0,"59, 129, 131, 294","133, 295","133, 295","133, 295","133, 295","Bright Size Life | Life, Bright Size"
Sarah Brightman,"Brightman, Sarah",WORD,0,"44, 49, 67, 93, 96, 108, 109, 150, 209, 247, 423","97, 108, 109, 151, 210, 248, 425","97, 108, 109, 151, 210, 248, 425","97, 108, 109, 151, 210, 248, 425","97, 108, 109, 151, 210, 248, 425","Sarah Brightman | Brightman, Sarah | Sarah, Brightman,"
Chris Brown,"Brown, Chris",WORD,0,"33, 74, 100, 228","74, 229","74, 229","74, 229","74, 229","Chris Brown | Brown, Chris | Chris, Brown,"
James Brown,"Brown, James",WORD,0,"80, 133, 152, 153, 160, 181, 306","182, 298, 308, 353, 354, 355, 356, 357, 358, 373","182, 298, 308, 353, 354, 355, 356, 357, 358, 373","182, 298, 308, 353, 354, 355, 356, 357, 358, 373","182, 298, 308, 353, 354, 355, 356, 357, 358, 373","James Brown | Brown, James | James, Brown,"
Jack Bruce,"Bruce, Jack",WORD,0,"18, 19, 42, 43, 84, 191","43, 192","43, 192","43, 192","43, 192","Jack Bruce | Bruce, Jack | Jack, Bruce,"
Brunel University,Brunel University,WORD,0,"293, 402","294, 405","294, 405","294, 405","294, 405","Brunel University | University, Brunel"
Sam Burgess,"Burgess, Sam",WORD,0,"131, 144, 300, 333","301, 334","301, 334","301, 334","301, 334","Sam Burgess | Burgess, Sam | Sam, Burgess,"
Gary Burton,"Burton, Gary",WORD,0,"25, 26, 28, 29, 57, 59, 60, 64, 129, 131, 133, 294, 306","57, 60, 64, 133, 295, 307","57, 60, 64, 133, 295, 307","57, 60, 64, 133, 295, 307","57, 60, 64, 133, 295, 307","Gary Burton | Burton, Gary | Gary, Burton,"
Damon Butcher,"Butcher, Damon",WORD,0,"68, 72, 153, 162","154, 163","154, 163","154, 163","154, 163","Damon Butcher | Butcher, Damon | Damon, Butcher,"
Jeff Calvert,"Calvert, Jeff",WORD,0,"50, 66, 81, 82, 111, 150, 185, 187","112, 150, 185, 188","112, 150, 185, 188","112, 150, 185, 188","112, 150, 185, 188","Jeff Calvert | Calvert, Jeff | Jeff, Calvert,"
Sharon Campbell,"Campbell, Sharon",WORD,0,"65, 66, 67, 147, 150, 151","148, 150, 151","148, 150, 151","148, 150, 151","148, 150, 151","Sharon Campbell | Campbell, Sharon | Sharon, Campbell,"
Can You Forgive Her,Can You Forgive Her,WORD,0,"119, 120, 271, 272","271, 272, 273","271, 272, 273","271, 272, 273","271, 272, 273","Can You Forgive Her | Her, Can You Forgive"
Can't Buy Me Love,Can't Buy Me Love,CURATED_FALLBACK,1,"30, 344, 384",,,"30, 345, 385","30, 345, 385","Can't Buy Me Love | Love, Can't Buy Me"
Mariah Carey,"Carey, Mariah",WORD,0,"337, 427","339, 428","339, 428",,"339, 428","Mariah Carey | Carey, Mariah | Mariah, Carey,"
Richard Carpenter,"Carpenter, Richard",WORD,0,"9, 22, 128, 147, 292, 293, 297, 340","22, 293, 294, 297, 341","22, 293, 294, 297, 341","22, 293, 294, 297, 341","22, 293, 294, 297, 341","Richard Carpenter | Carpenter, Richard | Richard, Carpenter,"
The Carpenters,"Carpenters, The",WORD,0,"34, 76, 128, 293","76, 294","76, 294","76, 294","76, 294","The Carpenters | Carpenters, The | The, Carpenters,"
Paul Carrack,"Carrack, Paul",WORD,0,"390, 427, 428","392, 393, 429, 430","392, 393, 429, 430",,"392, 393, 429, 430","Paul Carrack | Carrack, Paul | Paul, Carrack,"
Johnny Carson,"Carson, Johnny",WORD,0,"79, 94, 179, 212","179, 213","179, 213","179, 213","179, 213","Johnny Carson | Carson, Johnny | Johnny, Carson,"
Kim Chandler,"Chandler, Kim",WORD,0,"135, 137, 139, 159, 168, 171, 175, 309, 318, 323, 368, 390, 399, 411","310, 319, 323, 324, 369, 370, 391, 401, 413","310, 319, 323, 324, 369, 370, 391, 401, 413","310, 319, 323, 324, 369, 370, 391, 401, 413","310, 319, 323, 324, 369, 370, 391, 401, 413","Kim Chandler | Chandler, Kim | Kim, Chandler,"
Ray Charles,"Charles, Ray",WORD,0,"69, 73, 134, 141, 142, 144, 157, 162, 165, 170, 307, 326, 329, 330, 333, 335, 376, 396, 397, 426","158, 166, 308, 328, 331, 334, 336, 378, 398, 399, 427","158, 166, 308, 328, 331, 334, 336, 378, 398, 399, 427","158, 166, 308, 328, 331, 334, 336, 378, 398, 399, 427","158, 166, 308, 328, 331, 334, 336, 378, 398, 399, 427","Ray Charles | Charles, Ray | Ray, Charles,"
Sean Chenery,"Chenery, Sean",WORD,0,"80, 123, 125, 130, 135, 181, 280, 285, 297, 314","182, 281, 286, 299, 315","182, 281, 286, 299, 315","182, 281, 286, 299, 315","182, 281, 286, 299, 315","Sean Chenery | Chenery, Sean | Sean, Chenery,"
Daisy Chute,"Chute, Daisy",WORD,0,"129, 171, 295, 399","296, 401","296, 401","296, 401","296, 401","Daisy Chute | Chute, Daisy | Daisy, Chute,"
Eric Clapton,"Clapton, Eric",WORD,0,"17, 18, 19, 40, 43, 102, 115, 232, 262","41, 43, 233, 263","41, 43, 233, 263","41, 43, 233, 263","41, 43, 233, 263","Eric Clapton | Clapton, Eric | Eric, Clapton,"
Close Encounters,Close Encounters,WORD,0,"107, 111","107, 110, 111","107, 110, 111","107, 110, 111","107, 110, 111","Close Encounters | Encounters, Close"
Club Deranged,Club Deranged,WORD,0,"300, 385, 388, 427","301, 302, 303, 386, 389, 428","301, 302, 303, 386, 389, 428","301, 302, 303, 386, 389, 428","301, 302, 303, 386, 389, 428","Club Deranged | Deranged, Club"
Billy Cobham,"Cobham, Billy",WORD,0,"84, 159, 165, 191, 368, 383","192, 369, 385","192, 369, 385","192, 369, 385","192, 369, 385","Billy Cobham | Cobham, Billy | Billy, Cobham,"
Joe Cocker,"Cocker, Joe",WORD,0,"351, 427","353, 428","353, 428",,"353, 428","Joe Cocker | Cocker, Joe | Joe, Cocker,"
Steve Coe,"Coe, Steve",WORD,0,"48, 67, 106, 152","107, 152","107, 152","107, 152","107, 152","Steve Coe | Coe, Steve | Steve, Coe,"
Jerry Colonna,"Colonna, Jerry",WORD,0,"4, 5, 10, 12","10, 12","10, 12","10, 12","10, 12","Jerry Colonna | Colonna, Jerry | Jerry, Colonna,"
John Coltrane,"Coltrane, John",WORD,0,"67, 123, 150, 281","151, 282","151, 282","151, 282","151, 282","John Coltrane | Coltrane, John | John, Coltrane,"
The Comic Strip Presents,"Comic Strip Presents, The",WORD,0,"228, 229",229,,,229,"The Comic Strip Presents | Comic Strip Presents, The | Presents, The Comic Strip | The, Comic Strip Presents,"
Heart Control,"Control, Heart",WORD,0,"149, 423","149, 425","149, 425",,"149, 425","Heart Control | Control, Heart | Heart, Control,"
Mitch Coodley,"Coodley, Mitch",WORD,0,"26, 29, 32, 59, 64, 71, 176, 412","59, 65, 72, 414","59, 65, 72, 414","59, 65, 72, 414","59, 65, 72, 414","Mitch Coodley | Coodley, Mitch | Mitch, Coodley,"
Chick Corea,"Corea, Chick",WORD,0,"26, 42, 60, 72, 93, 127, 164, 177, 290, 415","60, 93, 165, 291, 417","60, 93, 165, 291, 417","60, 93, 165, 291, 417","60, 93, 165, 291, 417","Chick Corea | Corea, Chick | Chick, Corea,"
Laurence Cottle,"Cottle, Laurence",WORD,0,"133, 135, 137, 168, 170, 174, 303, 305, 309, 318, 389, 395, 407","306, 310, 319, 320, 391, 397, 410","306, 310, 319, 320, 391, 397, 410","306, 310, 319, 320, 391, 397, 410","306, 310, 319, 320, 391, 397, 410","Laurence Cottle | Cottle, Laurence | Laurence, Cottle,"
Richard Cottle,"Cottle, Richard",WORD,0,"133, 137, 158, 159, 162, 305, 318, 366, 367, 375","306, 319, 367, 369, 377","306, 319, 367, 369, 377","306, 319, 367, 369, 377","306, 319, 367, 369, 377","Richard Cottle | Cottle, Richard | Richard, Cottle,"
Could It Be I'm Falling In Love,Could It Be I'm Falling In Love,CURATED_FALLBACK,1,"190, 395",,,"149, 190, 397","149, 190, 397","Could It Be I'm Falling In Love | Love, Could It Be I'm Falling In"
David Courtney,"Courtney, David",WORD,0,"52, 54, 114","115, 121",,,"115, 121","David Courtney | Courtney, David | David, Courtney,"
Peter Cox,"Cox, Peter",WORD,0,"369, 426","371, 428","371, 428",,"371, 428","Peter Cox | Cox, Peter | Peter, Cox,"
Randy Crawford,"Crawford, Randy",WORD,0,"69, 103, 124, 156, 235, 283","157, 235, 284","157, 235, 284","157, 235, 284","157, 235, 284","Randy Crawford | Crawford, Randy | Randy, Crawford,"
Kid Creole,"Creole, Kid",WORD,0,"129, 132, 134, 295, 302, 307, 308","296, 302, 303, 304, 308, 310","296, 302, 303, 304, 308, 310","296, 302, 303, 304, 308, 310","296, 302, 303, 304, 308, 310","Kid Creole | Creole, Kid | Kid, Creole,"
Chris Dagley,"Dagley, Chris",WORD,0,"157, 162, 363, 375","364, 377","364, 377","364, 377","364, 377","Chris Dagley | Dagley, Chris | Chris, Dagley,"
Peter Dale,"Dale, Peter",WORD,0,"362, 363","363, 365","363, 365",,"363, 365","Peter Dale | Dale, Peter | Peter, Dale,"
Mitch Dalton,"Dalton, Mitch",WORD,0,"8, 21, 64, 68, 69, 73, 88, 140, 145, 153, 154, 156, 166, 172, 174, 198, 324, 403, 407","21, 145, 153, 155, 157, 167, 199, 325, 406, 409, 410","21, 145, 153, 155, 157, 167, 199, 325, 406, 409, 410","21, 145, 153, 155, 157, 167, 199, 325, 406, 409, 410","21, 145, 153, 155, 157, 167, 199, 325, 406, 409, 410","Mitch Dalton | Dalton, Mitch | Mitch, Dalton,"
Roger Daltrey,"Daltrey, Roger",WORD,0,"18, 41, 85, 193","41, 194","41, 194","41, 194","41, 194","Roger Daltrey | Daltrey, Roger | Roger, Daltrey,"
Dangerous Game,Dangerous Game,WORD,0,"315, 425","316, 427","316, 427","316, 427","316, 427","Dangerous Game | Game, Dangerous"
Richard Darbyshire,"Darbyshire, Richard",WORD,0,"80, 94, 120, 134, 135, 142, 173, 181, 213, 272, 307, 310, 330, 403, 425","182, 214, 273, 308, 313, 314, 331, 406, 427","182, 214, 273, 308, 313, 314, 331, 406, 427","182, 214, 273, 308, 313, 314, 331, 406, 427","182, 214, 273, 308, 313, 314, 331, 406, 427","Richard Darbyshire | Darbyshire, Richard | Richard, Darbyshire,"
August Darnell,"Darnell, August",WORD,0,"129, 132, 134, 295, 301, 307","296, 302, 308","296, 302, 308","296, 302, 308","296, 302, 308","August Darnell | Darnell, August | August, Darnell,"
Miles Davis,"Davis, Miles",WORD,0,"42, 61, 93, 136","94, 137","94, 137","94, 137","94, 137","Miles Davis | Davis, Miles | Miles, Davis,"
Snake Davis,"Davis, Snake",WORD,0,"95, 100, 101, 103, 159, 160, 175, 217, 229, 231, 235, 367, 369, 410","218, 229, 232, 236, 369, 371, 412","218, 229, 232, 236, 369, 371, 412","218, 229, 232, 236, 369, 371, 412","218, 229, 232, 236, 369, 371, 412","Snake Davis | Davis, Snake | Snake, Davis,"
Doris Day,"Day, Doris",WORD,0,"39, 84, 128, 292","85, 293","85, 293","85, 293","85, 293","Doris Day | Day, Doris | Doris, Day,"
Ordinary Day,"Day, Ordinary",WORD,0,"192, 193, 424","193, 426","193, 426",,"193, 426","Ordinary Day | Day, Ordinary | Ordinary, Day,"
Graham Dee,"Dee, Graham",WORD,0,"38, 40, 82, 89, 423","83, 90, 424","83, 90, 424","83, 90, 424","83, 90, 424","Graham Dee | Dee, Graham | Graham, Dee,"
Nadia Delaye,"Delaye, Nadia",WORD,0,"124, 171, 283, 398","284, 399","284, 399","284, 399","284, 399","Nadia Delaye | Delaye, Nadia | Nadia, Delaye,"
Kate Dimbleby,"Dimbleby, Kate",WORD,0,"314, 427","315, 316, 428","315, 316, 428",,"315, 316, 428","Kate Dimbleby | Dimbleby, Kate | Kate, Dimbleby,"
Anne Dudley,"Dudley, Anne",WORD,0,"47, 71, 75, 84, 89, 103, 161, 170, 191, 200","103, 162, 170, 191, 201","103, 162, 170, 191, 201","103, 162, 170, 191, 201","103, 162, 170, 191, 201","Anne Dudley | Dudley, Anne | Anne, Dudley,"
Clive Dunstall,"Dunstall, Clive",WORD,0,"121, 156, 157, 166, 168, 173, 174, 176, 274, 361, 363, 385, 389, 406, 407, 414","275, 327, 363, 365, 386, 391, 407, 409, 414, 416","275, 327, 363, 365, 386, 391, 407, 409, 414, 416","275, 327, 363, 365, 386, 391, 407, 409, 414, 416","275, 327, 363, 365, 386, 391, 407, 409, 414, 416","Clive Dunstall | Dunstall, Clive | Clive, Dunstall,"
Bob Dylan,"Dylan, Bob",WORD,0,"16, 18, 39, 42, 179, 422","39, 42, 146, 424","39, 42, 146, 424","39, 42, 146, 424","39, 42, 146, 424","Bob Dylan | Dylan, Bob | Bob, Dylan,"
Ealing Jazz Festival,Ealing Jazz Festival,WORD,0,"141, 168, 326, 389","327, 391","327, 391","327, 391","327, 391","Ealing Jazz Festival | Festival, Ealing Jazz"
and Fire Wind Earth,"Earth, Wind, and Fire",EXTRACTED_ORIGINAL,1,"93, 148, 357, 413",,,,"93, 148, 357, 413","and Fire Wind Earth | Earth, Wind, and Fire | Wind and Fire Earth | Earth, and Fire Wind | Fire, Earth, Wind, and"
Nathan East,"East, Nathan",WORD,0,"93, 101, 115, 210, 231, 261, 262","211, 232, 262, 263","211, 232, 262, 263","211, 232, 262, 263","211, 232, 262, 263","Nathan East | East, Nathan | Nathan, East,"
Sheena Easton,"Easton, Sheena",WORD,0,"161, 424","162, 426","162, 426",,"162, 426","Sheena Easton | Easton, Sheena | Sheena, Easton,"
Eden Studios,Eden Studios,WORD,0,"196, 226, 228","197, 227, 228","197, 227, 228","197, 227, 228","197, 227, 228","Eden Studios | Studios, Eden"
Randy Edleman,"Edleman, Randy",WORD,0,"152, 423","153, 425","153, 425",,"153, 425","Randy Edleman | Edleman, Randy | Randy, Edleman,"
Mark Egan,"Egan, Mark",WORD,0,"62, 130, 139, 175, 177, 297, 410, 415","139, 299, 412, 417","139, 299, 412, 417","139, 299, 412, 417","139, 299, 412, 417","Mark Egan | Egan, Mark | Mark, Egan,"
Manfred Eicher,"Eicher, Manfred",WORD,0,"59, 60, 62, 132, 135, 140","133, 136, 141","133, 136, 141","133, 136, 141","133, 136, 141","Manfred Eicher | Eicher, Manfred | Manfred, Eicher,"
Duke Ellington,"Ellington, Duke",WORD,0,"26, 59, 80, 85, 98, 181, 192, 225","60, 182, 192, 225, 271","60, 182, 192, 225, 271","60, 182, 192, 225, 271","60, 182, 192, 225, 271","Duke Ellington | Ellington, Duke | Duke, Ellington,"
Lance Ellington,"Ellington, Lance",WORD,0,"120, 121, 151, 272, 275, 351","273, 278, 353","273, 278, 353","273, 278, 353","273, 278, 353","Lance Ellington | Ellington, Lance | Lance, Ellington,"
Vic Emerson,"Emerson, Vic",WORD,0,"90, 100, 203, 228","204, 229","204, 229","204, 229","204, 229","Vic Emerson | Emerson, Vic | Vic, Emerson,"
EMI Music,EMI Music,WORD,0,"77, 111","78, 111","78, 111",,"78, 111","EMI Music | Music, EMI"
David Essex,"Essex, David",WORD,0,"35, 44, 78, 97, 98, 423","79, 98, 99, 424","79, 98, 99, 424","79, 98, 99, 424","79, 98, 99, 424","David Essex | Essex, David | David, Essex,"
Essex Music,Essex Music,WORD,0,"73, 89, 105","73, 89, 91, 105","73, 89, 91, 105","73, 89, 91, 105","73, 89, 91, 105","Essex Music | Music, Essex"
Bill Evans,"Evans, Bill",WORD,0,"17, 27, 31, 40, 61, 69, 152, 171, 352, 398","40, 62, 69, 353, 400","40, 62, 69, 353, 400","40, 62, 69, 353, 400","40, 62, 69, 353, 400","Bill Evans | Evans, Bill | Bill, Evans,"
Gil Evans,"Evans, Gil",WORD,0,"25, 57, 69, 78, 80, 85, 133, 156, 177, 181, 192, 306","57, 156, 177, 182, 192, 308","57, 156, 177, 182, 192, 308","57, 156, 177, 182, 192, 308","57, 156, 177, 182, 192, 308","Gil Evans | Evans, Gil | Gil, Evans,"
Sally Farmiloe,"Farmiloe, Sally",WORD,0,"28, 63, 81, 183","63, 185","63, 185","63, 185","63, 185","Sally Farmiloe | Farmiloe, Sally | Sally, Farmiloe,"
The Feeling,"Feeling, The",WORD,0,"349, 427","22, 27, 82, 154, 192, 349, 350, 429","22, 27, 82, 154, 192, 349, 350, 429",,"22, 27, 82, 154, 192, 349, 350, 429","The Feeling | Feeling, The | The, Feeling,"
Ben Fenner,"Fenner, Ben",WORD,0,"151, 158, 159, 350, 366, 368","352, 367, 369","352, 367, 369","352, 367, 369","352, 367, 369","Ben Fenner | Fenner, Ben | Ben, Fenner,"
Ella Fitzgerald,"Fitzgerald, Ella",WORD,0,"5, 12, 85, 191","12, 192","12, 192","12, 192","12, 192","Ella Fitzgerald | Fitzgerald, Ella | Ella, Fitzgerald,"
Five Star,Five Star,WORD,0,"190, 424","191, 426","191, 426","191, 426","191, 426","Five Star | Star, Five"
Frankie Goes To Hollywood,Frankie Goes To Hollywood,WORD,0,"166, 195, 200, 226","167, 195, 201, 227, 372, 425","167, 195, 201, 227, 372, 425","167, 195, 201, 227, 372, 425","167, 195, 201, 227, 372, 425","Frankie Goes To Hollywood | Hollywood, Frankie Goes To"
Aretha Franklin,"Franklin, Aretha",WORD,0,"8, 20, 98, 225","20, 225","20, 225","20, 225","20, 225","Aretha Franklin | Franklin, Aretha | Aretha, Franklin,"
From Dreaming to Gigging,From Dreaming to Gigging,WORD,0,"402, 428","405, 430",,"405, 430","405, 430","From Dreaming to Gigging | Gigging, From Dreaming to"
Martin Fry,"Fry, Martin",WORD,0,"92, 157, 208, 363","209, 365","209, 365","209, 365","209, 365","Martin Fry | Fry, Martin | Martin, Fry,"
Stephen Gately,"Gately, Stephen",WORD,0,"145, 147, 337, 341","339, 342, 343","339, 342, 343","339, 342, 343","339, 342, 343","Stephen Gately | Gately, Stephen | Stephen, Gately,"
Marvin Gaye,"Gaye, Marvin",WORD,0,"8, 19, 59, 130, 170, 396","19, 131, 398","19, 131, 398","19, 131, 398","19, 131, 398","Marvin Gaye | Gaye, Marvin | Marvin, Gaye,"
Uri Geller,"Geller, Uri",WORD,0,"123, 126, 174, 280, 282, 288, 408","281, 282, 289, 410","281, 282, 289, 410","281, 282, 289, 410","281, 282, 289, 410","Uri Geller | Geller, Uri | Uri, Geller,"
Mike Gibbs,"Gibbs, Mike",WORD,0,"26, 27, 32, 60, 61, 71","60, 61, 71","60, 61, 71","60, 61, 71","60, 61, 71","Mike Gibbs | Gibbs, Mike | Mike, Gibbs,"
Elaine Gibbs,"Gibbs, Elaine",WORD,0,"392, 393, 427","395, 429","395, 429",,"395, 429","Elaine Gibbs | Gibbs, Elaine | Elaine, Gibbs,"
Richard Gillespie,"Gillespie, Richard",WORD,0,"23, 25, 53, 56","53, 56","53, 56","53, 56","53, 56","Richard Gillespie | Gillespie, Richard | Richard, Gillespie,"
Glade Jul,Glade Jul,WORD,0,"279, 426","280, 428","280, 428","280, 428","280, 428","Glade Jul | Jul, Glade"
George Gluck,"Gluck, George",WORD,0,"56, 74, 124, 168","125, 168","125, 168","125, 168","125, 168","George Gluck | Gluck, George | George, Gluck,"
Go West,Go West,WORD,0,"264, 369, 370, 425","264, 371, 372, 427","264, 371, 372, 427","264, 371, 372, 427","264, 371, 372, 427","Go West | West, Go"
Gold Star Studios,Gold Star Studios,WORD,0,"23, 52, 63, 64, 141, 144","52, 141, 144, 430","52, 141, 144, 430","52, 141, 144, 430","52, 141, 144, 430","Gold Star Studios | Studios, Gold Star"
Good Vibrations,Good Vibrations,WORD,0,"27, 314, 427","27, 315, 428","27, 315, 428","27, 315, 428","27, 315, 428","Good Vibrations | Vibrations, Good"
David Gordon,"Gordon, David",WORD,0,"35, 37, 78, 82","79, 82","79, 82","79, 82","79, 82","David Gordon | Gordon, David | David, Gordon,"
Danny Gottlieb,"Gottlieb, Danny",WORD,0,"29, 59, 62, 65, 101, 130, 131, 132, 135, 138, 157, 170, 172, 230, 297, 300, 302, 313, 363, 395, 400","65, 133, 139, 230, 299, 301, 303, 314, 364, 397, 402","65, 133, 139, 230, 299, 301, 303, 314, 364, 397, 402","65, 133, 139, 230, 299, 301, 303, 314, 364, 397, 402","65, 133, 139, 230, 299, 301, 303, 314, 364, 397, 402","Danny Gottlieb | Gottlieb, Danny | Danny, Gottlieb,"
Graham Bond Organization,Graham Bond Organization,WORD,0,"17, 18, 41, 42","29, 41, 43","29, 41, 43","29, 41, 43","29, 41, 43","Graham Bond Organization | Organization, Graham Bond"
Clive Griffin,"Griffin, Clive",WORD,0,"74, 95, 100, 102, 124, 136, 152, 168, 175, 214, 229, 232, 283, 316, 351, 410, 424, 425","169, 215, 230, 233, 284, 317, 353, 412, 426, 427","169, 215, 230, 233, 284, 317, 353, 412, 426, 427","169, 215, 230, 233, 284, 317, 353, 412, 426, 427","169, 215, 230, 233, 284, 317, 353, 412, 426, 427","Clive Griffin | Griffin, Clive | Clive, Griffin,"
Jazz Guitar,"Guitar, Jazz",WORD,0,"402, 428","64, 405, 430","64, 405, 430",,"64, 405, 430","Jazz Guitar | Guitar, Jazz | Jazz, Guitar,"
Janek Gwizdala,"Gwizdala, Janek",WORD,0,"157, 159, 362, 367, 368","364, 369, 370","364, 369, 370","364, 369, 370","364, 369, 370","Janek Gwizdala | Gwizdala, Janek | Janek, Gwizdala,"
Jim Hall,"Hall, Jim",WORD,0,"17, 25, 40, 57, 129, 295","40, 57, 296","40, 57, 296","40, 57, 296","40, 57, 296","Jim Hall | Hall, Jim | Jim, Hall,"
Steve Hamilton,"Hamilton, Steve",WORD,0,"130, 131, 136, 144, 147, 149, 157, 165, 172, 175, 297, 298, 300, 314, 333, 341, 345, 363, 382, 400, 410","299, 300, 301, 315, 334, 343, 346, 365, 383, 402, 412","299, 300, 301, 315, 334, 343, 346, 365, 383, 402, 412","299, 300, 301, 315, 334, 343, 346, 365, 383, 402, 412","299, 300, 301, 315, 334, 343, 346, 365, 383, 402, 412","Steve Hamilton | Hamilton, Steve | Steve, Hamilton,"
Herbie Hancock,"Hancock, Herbie",WORD,0,"134, 141, 308, 325","309, 327","309, 327","309, 327","309, 327","Herbie Hancock | Hancock, Herbie | Herbie, Hancock,"
Paul Hart,"Hart, Paul",WORD,0,"33, 43, 57, 74, 94, 126, 155, 359","75, 94, 95, 127, 361","75, 94, 95, 127, 361","75, 94, 95, 127, 361","75, 94, 95, 127, 361","Paul Hart | Hart, Paul | Paul, Hart,"
Jimmie Haskell,"Haskell, Jimmie",WORD,0,"56, 123, 128, 292, 297","124, 293, 297","124, 293, 297","124, 293, 297","124, 293, 297","Jimmie Haskell | Haskell, Jimmie | Jimmie, Haskell,"
Mike Hawker,"Hawker, Mike",WORD,0,"35, 77, 82, 186","77, 186","77, 186","77, 186","77, 186","Mike Hawker | Hawker, Mike | Mike, Hawker,"
Wayne Hector,"Hector, Wayne",WORD,0,"145, 162, 336, 374","339, 375","339, 375","339, 375","339, 375","Wayne Hector | Hector, Wayne | Wayne, Hector,"
Jimi Hendrix,"Hendrix, Jimi",WORD,0,"11, 13, 25, 30, 80, 181","25, 30, 182","25, 30, 182","25, 30, 182","25, 30, 182","Jimi Hendrix | Hendrix, Jimi | Jimi, Hendrix,"
Here We Come,Here We Come,WORD,0,"337, 426","339, 428","339, 428",,"339, 428","Here We Come | Come, Here We"
Nigel Hitchcock,"Hitchcock, Nigel",WORD,0,"65, 70, 81, 120, 132, 133, 135, 136, 137, 142, 145, 147, 151, 152, 153, 157, 158, 162, 163, 165, 170, 172, 174, 179, 183, 272, 301, 304, 305, 309, 314, 316, 318, 331, 335, 350, 351, 355, 363, 366, 375, 376, 377, 382, 395, 400, 407, 422","148, 159, 183, 273, 302, 306, 307, 310, 315, 317, 319, 332, 336, 352, 353, 356, 365, 367, 376, 378, 379, 383, 397, 402, 409, 424","148, 159, 183, 273, 302, 306, 307, 310, 315, 317, 319, 332, 336, 352, 353, 356, 365, 367, 376, 378, 379, 383, 397, 402, 409, 424","148, 159, 183, 273, 302, 306, 307, 310, 315, 317, 319, 332, 336, 352, 353, 356, 365, 367, 376, 378, 379, 383, 397, 402, 409, 424","148, 159, 183, 273, 302, 306, 307, 310, 315, 317, 319, 332, 336, 352, 353, 356, 365, 367, 376, 378, 379, 383, 397, 402, 409, 424","Nigel Hitchcock | Hitchcock, Nigel | Nigel, Hitchcock,"
Bob Hope,"Hope, Bob",WORD,0,"4, 5, 10, 12, 39, 85","10, 12, 86","10, 12, 86","10, 12, 86","10, 12, 86","Bob Hope | Hope, Bob | Bob, Hope,"
Trevor Horn,"Horn, Trevor",WORD,0,"48, 57, 71, 73, 77, 80, 84, 86, 87, 89, 97, 106, 116, 125, 161, 166, 174, 175, 180, 191, 194, 196, 200, 221, 264, 285, 407","106, 125, 161, 167, 176, 180, 191, 194, 197, 201, 223, 265, 286, 409","106, 125, 161, 167, 176, 180, 191, 194, 197, 201, 223, 265, 286, 409","106, 125, 161, 167, 176, 180, 191, 194, 197, 201, 223, 265, 286, 409","106, 125, 161, 167, 176, 180, 191, 194, 197, 201, 223, 265, 286, 409","Trevor Horn | Horn, Trevor | Trevor, Horn,"
Hot Gossip,Hot Gossip,WORD,0,"102, 108, 109, 113, 423","102, 108, 109, 114, 425","102, 108, 109, 114, 425","102, 108, 109, 114, 425","102, 108, 109, 114, 425","Hot Gossip | Gossip, Hot"
Joe Hubbard,"Hubbard, Joe",WORD,0,"68, 69, 71, 72, 73, 153, 154, 156, 162, 166","153, 155, 157, 162, 163, 167","153, 155, 157, 162, 163, 167","153, 155, 157, 162, 163, 167","153, 155, 157, 162, 163, 167","Joe Hubbard | Hubbard, Joe | Joe, Hubbard,"
Chris Hunter,"Hunter, Chris",WORD,0,"65, 67, 68, 69, 71, 72, 130, 131, 145, 146, 147, 150, 153, 156, 160, 162, 164, 297, 298","146, 147, 151, 153, 156, 161, 163, 165, 299, 300","146, 147, 151, 153, 156, 161, 163, 165, 299, 300","146, 147, 151, 153, 156, 161, 163, 165, 299, 300","146, 147, 151, 153, 156, 161, 163, 165, 299, 300","Chris Hunter | Hunter, Chris | Chris, Hunter,"
Gary Husband,"Husband, Gary",WORD,0,"84, 101, 131, 137, 144, 158, 159, 165, 168, 191, 230, 300, 301, 316, 333, 366, 367, 383, 390, 426","192, 230, 301, 317, 334, 367, 369, 385, 391, 428","192, 230, 301, 317, 334, 367, 369, 385, 391, 428","192, 230, 301, 317, 334, 367, 369, 385, 391, 428","192, 230, 301, 317, 334, 367, 369, 385, 391, 428","Gary Husband | Husband, Gary | Gary, Husband,"
I Am Alive,I Am Alive,WORD,0,"374, 425","375, 427",,"375, 427","375, 427","I Am Alive | Alive, I Am"
I Got No Strings,I Got No Strings,WORD,0,"309, 317",311,,"311, 318",311,"I Got No Strings | Strings, I Got No"
The Invisible Artist,"Invisible Artist, The",WORD,0,"7, 17, 128, 293, 428","17, 293, 430","17, 293, 430","17, 293, 430","17, 293, 430","The Invisible Artist | Invisible Artist, The | Artist, The Invisible | The, Invisible Artist,"
It's About Time,It's About Time,WORD,0,"162, 163, 164",425,,"162, 163, 165, 425",425,"It's About Time | Time, It's About"
Michael Jackson,"Jackson, Michael",WORD,0,"315, 316","316, 317","316, 317",,"316, 317","Michael Jackson | Jackson, Michael | Michael, Jackson,"
Bob James,"James, Bob",WORD,0,"127, 158, 159, 290, 365, 368, 427","291, 366, 369, 429","291, 366, 369, 429","291, 366, 369, 429","291, 366, 369, 429","Bob James | James, Bob | Bob, James,"
Jesse Lasky Jr,Jesse Lasky Jr,WORD,0,"6, 14, 30, 66, 68, 105, 153, 173, 239, 406, 429","14, 67, 154, 239, 407","14, 67, 154, 239, 407","14, 67, 154, 239, 407","14, 67, 154, 239, 407","Jesse Lasky Jr | Jr, Jesse Lasky"
Jethro Tull,Jethro Tull,WORD,0,"153, 214, 370","155, 215, 372","155, 215, 372","155, 215, 372","155, 215, 372","Jethro Tull | Tull, Jethro"
Elton John,"John, Elton",WORD,0,"37, 59, 82, 130, 141, 326","82, 131, 329","82, 131, 329","82, 131, 329","82, 131, 329","Elton John | John, Elton | Elton, John,"
Holly Johnson,"Johnson, Holly",WORD,0,"90, 99, 202, 226","203, 227","203, 227","203, 227","203, 227","Holly Johnson | Johnson, Holly | Holly, Johnson,"
Gloria Jones,"Jones, Gloria",WORD,0,"78, 423","79, 425","79, 425",,"79, 425","Gloria Jones | Jones, Gloria | Gloria, Jones,"
Grace Jones,"Jones, Grace",WORD,0,"166, 167, 169, 303, 423","167, 169, 172, 177, 305, 425","167, 169, 172, 177, 305, 425","167, 169, 172, 177, 305, 425","167, 169, 172, 177, 305, 425","Grace Jones | Jones, Grace | Grace, Jones,"
Baskerville Jones,"Jones, Baskerville",WORD,0,"122, 171, 278, 400","278, 402","278, 402","278, 402","278, 402","Baskerville Jones | Jones, Baskerville | Baskerville, Jones,"
Jones The Rhythm,Jones The Rhythm,WORD,0,"171, 172",172,,,172,"Jones The Rhythm | Rhythm, Jones The"
Laurence Juber,"Juber, Laurence",WORD,0,"33, 38, 45, 46, 48, 52, 56, 57, 59, 73, 74, 83, 99, 101, 105, 116, 124, 126, 131, 133, 155, 172, 305, 359, 403, 412","73, 75, 84, 99, 101, 102, 106, 116, 125, 127, 132, 306, 361, 406, 414","73, 75, 84, 99, 101, 102, 106, 116, 125, 127, 132, 306, 361, 406, 414","73, 75, 84, 99, 101, 102, 106, 116, 125, 127, 132, 306, 361, 406, 414","73, 75, 84, 99, 101, 102, 106, 116, 125, 127, 132, 306, 361, 406, 414","Laurence Juber | Juber, Laurence | Laurence, Juber,"
Stone Jungle,"Jungle, Stone",WORD,0,"122, 171, 278, 400","278, 402","278, 402","278, 402","278, 402","Stone Jungle | Jungle, Stone | Stone, Jungle,"
Greg Kane,"Kane, Greg",WORD,0,"132, 162, 302, 375","305, 377","305, 377","305, 377","305, 377","Greg Kane | Kane, Greg | Greg, Kane,"
Pat Kane,"Kane, Pat",WORD,0,"135, 145, 309, 310, 336, 425","304, 310, 313, 337, 427","304, 310, 313, 337, 427","304, 310, 313, 337, 427","304, 310, 313, 337, 427","Pat Kane | Kane, Pat | Pat, Kane,"
Skaila Kanga,"Kanga, Skaila",WORD,0,"76, 99, 135, 158, 160, 173, 174, 225, 314, 364, 366, 371, 407","173, 226, 315, 366, 368, 373, 410","173, 226, 315, 366, 368, 373, 410","173, 226, 315, 366, 368, 373, 410","173, 226, 315, 366, 368, 373, 410","Skaila Kanga | Kanga, Skaila | Skaila, Kanga,"
Katherine Gang,Katherine Gang,WORD,0,"129, 156, 294, 360, 427","294, 362, 429","294, 362, 429","294, 362, 429","294, 362, 429","Katherine Gang | Gang, Katherine"
David Katz,"Katz, David",WORD,0,"34, 57, 58, 64, 76, 77, 127, 128, 145","76, 77, 128, 129, 145","76, 77, 128, 129, 145","76, 77, 128, 129, 145","76, 77, 128, 129, 145","David Katz | Katz, David | David, Katz,"
Dill Katz,"Katz, Dill",WORD,0,"65, 69, 81, 82, 146, 157, 185, 186","146, 157, 185, 187","146, 157, 185, 187","146, 157, 185, 187","146, 157, 185, 187","Dill Katz | Katz, Dill | Dill, Katz,"
Chaka Khan,"Khan, Chaka",WORD,0,"8, 20, 102, 178, 232, 418","20, 233, 422","20, 233, 422","20, 233, 422","20, 233, 422","Chaka Khan | Khan, Chaka | Chaka, Khan,"
Genghis Khan,"Khan, Genghis",WORD,0,"169, 178, 393, 418","395, 422","395, 422","395, 422","395, 422","Genghis Khan | Khan, Genghis | Genghis, Khan,"
Bill Kimber,"Kimber, Bill",WORD,0,"88, 94, 97, 198, 213, 221","199, 214, 221","199, 214, 221","199, 214, 221","199, 214, 221","Bill Kimber | Kimber, Bill | Bill, Kimber,"
Kiri Te Kanawa,Kiri Te Kanawa,WORD,0,"278, 425","279, 426","279, 426",,"279, 426","Kiri Te Kanawa | Kanawa, Kiri Te"
Alexis Korner,"Korner, Alexis",WORD,0,"54, 55","54, 55","54, 55",,"54, 55","Alexis Korner | Korner, Alexis | Alexis, Korner,"
Robbie Krieger,"Krieger, Robbie",WORD,0,"167, 170, 387, 395","389, 397","389, 397","389, 397","389, 397","Robbie Krieger | Krieger, Robbie | Robbie, Krieger,"
Lamont Dozier Jr,Lamont Dozier Jr,WORD,0,"170, 171, 397, 399","399, 401","399, 401","399, 401","399, 401","Lamont Dozier Jr | Jr, Lamont Dozier"
Nils Landgren,"Landgren, Nils",WORD,0,"283, 284","284, 285","284, 285",,"284, 285","Nils Landgren | Landgren, Nils | Nils, Landgren,"
Richard Lasky,"Lasky, Richard",WORD,0,"13, 14, 30, 33","30, 33","30, 33","30, 33","30, 33","Richard Lasky | Lasky, Richard | Richard, Lasky,"
Last Vegas,Last Vegas,WORD,0,"391, 392, 427","394, 395, 429","394, 395, 429","394, 395, 429","394, 395, 429","Last Vegas | Vegas, Last"
Laurel Canyon,Laurel Canyon,WORD,0,"2, 5, 6, 12","6, 12","6, 12","6, 12","6, 12","Laurel Canyon | Canyon, Laurel"
Alvin Lee,"Lee, Alvin",WORD,0,"18, 41, 124, 125, 282, 285","41, 283, 286","41, 283, 286","41, 283, 286","41, 283, 286","Alvin Lee | Lee, Alvin | Alvin, Lee,"
Michel Legrand,"Legrand, Michel",WORD,0,"164, 165, 379, 382, 428","381, 383, 430","381, 383, 430","381, 383, 430","381, 383, 430","Michel Legrand | Legrand, Michel | Michel, Legrand,"
John Lennon,"Lennon, John",WORD,0,"52, 115, 158, 179, 365, 422","115, 367, 424","115, 367, 424","115, 367, 424","115, 367, 424","John Lennon | Lennon, John | John, Lennon,"
Hal Leonard,"Leonard, Hal",WORD,0,"31, 70, 129, 294, 428","70, 295, 430","70, 295, 430","70, 295, 430","70, 295, 430","Hal Leonard | Leonard, Hal | Hal, Leonard,"
Let's Make Lots Of Money,Let's Make Lots Of Money,CURATED_FALLBACK,1,"259, 260, 261",,,"260, 261","260, 261","Let's Make Lots Of Money | Money, Let's Make Lots Of"
Lifetime Records,Lifetime Records,WORD,0,"244, 285","245, 285","245, 285","245, 285","245, 285","Lifetime Records | Records, Lifetime"
Like Giving Love,Like Giving Love,WORD,0,"190, 424","191, 426","191, 426",,"191, 426","Like Giving Love | Love, Like Giving"
Steve Lipson,"Lipson, Steve",WORD,0,"73, 74, 78, 79, 89, 159, 167, 168, 170, 177, 178, 200, 201, 369","168, 169, 170, 177, 179, 201, 202, 371, 372","168, 169, 170, 177, 179, 201, 202, 371, 372","168, 169, 170, 177, 179, 201, 202, 371, 372","168, 169, 170, 177, 179, 201, 202, 371, 372","Steve Lipson | Lipson, Steve | Steve, Lipson,"
Billy Livsey,"Livsey, Billy",WORD,0,"52, 53, 55, 111, 116, 117, 121, 124, 138, 173, 253, 283, 318, 403","116, 117, 122, 253, 283, 320, 406","116, 117, 122, 253, 283, 320, 406","116, 117, 122, 253, 283, 320, 406","116, 117, 122, 253, 283, 320, 406","Billy Livsey | Livsey, Billy | Billy, Livsey,"
Andrew Lloyd Webber,"Lloyd Webber, Andrew",WORD,0,"209, 235","210, 236","210, 236","210, 236","210, 236","Andrew Lloyd Webber | Lloyd Webber, Andrew | Webber, Andrew Lloyd | Andrew, Lloyd Webber,"
Meat Loaf,"Loaf, Meat",WORD,0,"85, 97, 193, 220","194, 221","194, 221","194, 221","194, 221","Meat Loaf | Loaf, Meat | Meat, Loaf,"
Kenny Loggins,"Loggins, Kenny",WORD,0,"124, 160, 164, 283, 369, 379","284, 371, 381","284, 371, 381","284, 371, 381","284, 371, 381","Kenny Loggins | Loggins, Kenny | Kenny, Loggins,"
Lost My Heart To,Lost My Heart To,WORD,0,"107, 423","107, 109, 425","107, 109, 425",,"107, 109, 425","Lost My Heart To | To, Lost My Heart"
Down Low,"Low, Down",WORD,0,"387, 388",389,,,389,"Down Low | Low, Down | Down, Low,"
Jeremy Lubbock,"Lubbock, Jeremy",WORD,0,"76, 121, 128, 161, 172, 275, 292, 373","173, 278, 293, 298, 374","173, 278, 293, 298, 374","173, 278, 293, 298, 374","173, 278, 293, 298, 374","Jeremy Lubbock | Lubbock, Jeremy | Jeremy, Lubbock,"
Luck Be a Lady,Luck Be a Lady,WORD,0,"306, 310","308, 311",,"308, 311","308, 311","Luck Be a Lady | Lady, Luck Be a"
Lucky To Be Me,Lucky To Be Me,WORD,0,"164, 165, 379, 380, 382","380, 382, 383","380, 382, 383","380, 382, 383","380, 382, 383","Lucky To Be Me | Me, Lucky To Be"
Bruce Lynch,"Lynch, Bruce",WORD,0,"40, 41, 42, 45, 88, 89, 93, 99, 100","88, 90, 94, 99, 100","88, 90, 94, 99, 100","88, 90, 94, 99, 100","88, 90, 94, 99, 100","Bruce Lynch | Lynch, Bruce | Bruce, Lynch,"
Steve Mac,"Mac, Steve",WORD,0,"147, 148, 149, 150, 162, 336, 341, 342, 343, 344, 345, 347, 374","338, 339, 342, 343, 344, 345, 347, 348, 349, 375","338, 339, 342, 343, 344, 345, 347, 348, 349, 375","338, 339, 342, 343, 344, 345, 347, 348, 349, 375","338, 339, 342, 343, 344, 345, 347, 348, 349, 375","Steve Mac | Mac, Steve | Steve, Mac,"
Paul McCartney,"McCartney, Paul",WORD,0,"2, 56, 100, 223, 226, 303, 424, 427","2, 57, 101, 224, 226, 305, 425, 426, 429","2, 57, 101, 224, 226, 305, 425, 426, 429","2, 57, 101, 224, 226, 305, 425, 426, 429","2, 57, 101, 224, 226, 305, 425, 426, 429","Paul McCartney | McCartney, Paul | Paul, McCartney,"
Michael McDonald,"McDonald, Michael",WORD,0,"225, 283, 314, 317, 319, 369","225, 284, 315, 319, 320, 371","225, 284, 315, 319, 320, 371",,"225, 284, 315, 319, 320, 371","Michael McDonald | McDonald, Michael | Michael, McDonald,"
Bob McDowall,"McDowall, Bob",WORD,0,"290, 308, 317, 318, 320","291, 310, 319, 321","291, 310, 319, 321",,"291, 310, 319, 321","Bob McDowall | McDowall, Bob | Bob, McDowall,"
Malcolm Maddock,"Maddock, Malcolm",WORD,0,"110, 120, 135, 151, 154, 251, 272, 310, 313, 350, 357","251, 273, 313, 314, 352, 358","251, 273, 313, 314, 352, 358","251, 273, 313, 314, 352, 358","251, 273, 313, 314, 352, 358","Malcolm Maddock | Maddock, Malcolm | Malcolm, Maddock,"
Henry Mancini,"Mancini, Henry",WORD,0,"115, 165, 261, 382","261, 384","261, 384","261, 384","261, 384","Henry Mancini | Mancini, Henry | Henry, Mancini,"
Barry Manilow,"Manilow, Barry",WORD,0,"122, 128, 135, 147, 160, 278, 293, 297, 312, 340, 371","279, 294, 298, 314, 342, 373","279, 294, 298, 314, 342, 373","279, 294, 298, 314, 342, 373","279, 294, 298, 314, 342, 373","Barry Manilow | Manilow, Barry | Barry, Manilow,"
Manfred Mann,"Mann, Manfred",WORD,0,"19, 43, 82, 187","43, 188","43, 188","43, 188","43, 188","Manfred Mann | Mann, Manfred | Manfred, Mann,"
Arif Mardin,"Mardin, Arif",WORD,0,"8, 20, 128, 292, 296","20, 293, 297","20, 293, 297","20, 293, 297","20, 293, 297","Arif Mardin | Mardin, Arif | Arif, Mardin,"
The Marquee Club,"Marquee Club, The",WORD,0,"13, 18, 29, 41","29, 41","29, 41","29, 41","29, 41","The Marquee Club | Marquee Club, The | Club, The Marquee | The, Marquee Club,"
George Martin,"Martin, George",WORD,0,"60, 102, 103, 136, 173, 233, 234, 405","136, 226, 234, 406","136, 226, 234, 406","136, 226, 234, 406","136, 226, 234, 406","George Martin | Martin, George | George, Martin,"
John Mayall,"Mayall, John",WORD,0,"17, 18, 19, 40, 43","41, 43, 44","41, 43, 44","41, 43, 44","41, 43, 44","John Mayall | Mayall, John | John, Mayall,"
Lyle Mays,"Mays, Lyle",WORD,0,"61, 106, 108, 129, 138, 177, 241, 294, 416","139, 242, 243, 246, 295, 417","139, 242, 243, 246, 295, 417","139, 242, 243, 246, 295, 417","139, 242, 243, 246, 295, 417","Lyle Mays | Mays, Lyle | Lyle, Mays,"
Lyle Mays-ish,"Mays-ish, Lyle",WORD,0,"242, 245","243, 246","243, 246",,"243, 246","Lyle Mays-ish | Mays-ish, Lyle | Lyle, Mays-ish,"
Judy Mazel,"Mazel, Judy",WORD,0,"155, 423","156, 425","156, 425",,"156, 425","Judy Mazel | Mazel, Judy | Judy, Mazel,"
Talk Me,"Me, Talk",WORD,0,"195, 424","195, 425","195, 425",,"195, 425","Talk Me | Me, Talk | Talk, Me,"
Osny Melo,"Melo, Osny",WORD,0,"282, 425","283, 427","283, 427",,"283, 427","Osny Melo | Melo, Osny | Osny, Melo,"
Melody Maker,Melody Maker,WORD,0,"41, 42, 43","41, 42, 43, 44","41, 42, 43, 44","41, 42, 43, 44","41, 42, 43, 44","Melody Maker | Maker, Melody"
Johnny Mercer,"Mercer, Johnny",WORD,0,"141, 142","141, 142, 143","141, 142, 143",,"141, 142, 143","Johnny Mercer | Mercer, Johnny | Johnny, Mercer,"
Pat Metheny,"Metheny, Pat",WORD,0,"28, 30, 64, 65, 68, 105, 106, 108, 129, 131, 147, 172, 179, 239, 242, 245, 247, 294, 298, 400, 422, 423, 424","64, 68, 133, 135, 140, 148, 241, 243, 246, 248, 295, 300, 402, 423, 425, 426, 430","64, 68, 133, 135, 140, 148, 241, 243, 246, 248, 295, 300, 402, 423, 425, 426, 430","64, 68, 133, 135, 140, 148, 241, 243, 246, 248, 295, 300, 402, 423, 425, 426, 430","64, 68, 133, 135, 140, 148, 241, 243, 246, 248, 295, 300, 402, 423, 425, 426, 430","Pat Metheny | Metheny, Pat | Pat, Metheny,"
Metropolis Studios,Metropolis Studios,WORD,0,"227, 374","228, 375","228, 375","228, 375","228, 375","Metropolis Studios | Studios, Metropolis"
George Michael,"Michael, George",WORD,0,"102, 135, 164, 232, 312, 379","233, 314, 381","233, 314, 381","233, 314, 381","233, 314, 381","George Michael | Michael, George | George, Michael,"
Michael Ruff Band,Michael Ruff Band,WORD,0,"327, 425","330, 427","330, 427",,"330, 427","Michael Ruff Band | Band, Michael Ruff"
Spike Milligan,"Milligan, Spike",WORD,0,"65, 113, 148, 256, 257","149, 256, 257, 258","149, 256, 257, 258","149, 256, 257, 258","149, 256, 257, 258","Spike Milligan | Milligan, Spike | Spike, Milligan,"
Kylie Minogue,"Minogue, Kylie",WORD,0,"315, 425","316, 427","316, 427",,"316, 427","Kylie Minogue | Minogue, Kylie | Kylie, Minogue,"
Joni Mitchell,"Mitchell, Joni",WORD,0,"106, 170, 241, 397","242, 399","242, 399","242, 399","242, 399","Joni Mitchell | Mitchell, Joni | Joni, Mitchell,"
Tony Momrelle,"Momrelle, Tony",WORD,0,"373, 426","375, 428","375, 428",,"375, 428","Tony Momrelle | Momrelle, Tony | Tony, Momrelle,"
Zoot Money,"Money, Zoot",WORD,0,"13, 17, 29, 41, 175, 411","29, 41, 413","29, 41, 413","29, 41, 413","29, 41, 413","Zoot Money | Money, Zoot | Zoot, Money,"
Keith Moon,"Moon, Keith",WORD,0,"18, 41, 125, 284, 285","41, 285, 286","41, 285, 286","41, 285, 286","41, 285, 286","Keith Moon | Moon, Keith | Keith, Moon,"
Dudley Moore,"Moore, Dudley",WORD,0,"17, 40, 178, 419","40, 114, 419, 422","40, 114, 419, 422","40, 114, 419, 422","40, 114, 419, 422","Dudley Moore | Moore, Dudley | Dudley, Moore,"
Mike Moran,"Moran, Mike",WORD,0,"51, 69, 113, 157","113, 158","113, 158","113, 158","113, 158","Mike Moran | Moran, Mike | Mike, Moran,"
Dick Morrissey,"Morrissey, Dick",WORD,0,"71, 73, 88, 162, 166, 168, 198, 389","162, 167, 199, 391","162, 167, 199, 391","162, 167, 199, 391","162, 167, 199, 391","Dick Morrissey | Morrissey, Dick | Dick, Morrissey,"
Simon Morton,"Morton, Simon",WORD,0,"42, 71, 94, 160","94, 161","94, 161","94, 161","94, 161","Simon Morton | Morton, Simon | Simon, Morton,"
Jim Mullen,"Mullen, Jim",WORD,0,"71, 134, 135, 137, 157, 162, 172, 308, 309, 316, 364, 402, 412, 423, 427","162, 309, 311, 317, 365, 406, 414, 425, 428","162, 309, 311, 317, 365, 406, 414, 425, 428","162, 309, 311, 317, 365, 406, 414, 425, 428","162, 309, 311, 317, 365, 406, 414, 425, 428","Jim Mullen | Mullen, Jim | Jim, Mullen,"
Samantha Mumba,"Mumba, Samantha",WORD,0,"337, 427","339, 428","339, 428",,"339, 428","Samantha Mumba | Mumba, Samantha | Samantha, Mumba,"
Popular Music,"Music, Popular",WORD,0,"293, 428","17, 22, 23, 111, 293, 294, 366, 430","17, 22, 23, 111, 293, 294, 366, 430",,"17, 22, 23, 111, 293, 294, 366, 430","Popular Music | Music, Popular | Popular, Music,"
Chris Neal,"Neal, Chris",WORD,0,"71, 87, 162, 196","162, 197","162, 197","162, 197","162, 197","Chris Neal | Neal, Chris | Chris, Neal,"
Kent Nebergall,"Nebergall, Kent",WORD,0,"59, 61, 133, 138","133, 138","133, 138","133, 138","133, 138","Kent Nebergall | Nebergall, Kent | Kent, Nebergall,"
Everton Nelson,"Nelson, Everton",WORD,0,"169, 174, 391, 407","394, 409","394, 409","394, 409","394, 409","Everton Nelson | Nelson, Everton | Everton, Nelson,"
Never Before...Never Again,Never Before...Never Again,CURATED_FALLBACK,1,"143, 428",,,"144, 428, 430","144, 428, 430","Never Before...Never Again | Again, Never Before...Never"
New Jazz Standards,New Jazz Standards,WORD,0,"127, 169, 290, 393","291, 395","291, 395","291, 395","291, 395","New Jazz Standards | Standards, New Jazz"
New York Version,New York Version,WORD,0,"176, 177",177,,,177,"New York Version | Version, New York"
Night Blindness,Night Blindness,WORD,0,"115, 423","115, 425","115, 425","115, 425","115, 425","Night Blindness | Blindness, Night"
Mark Nightingale,"Nightingale, Mark",WORD,0,"119, 160, 163, 172, 174, 270, 371, 377, 400, 407","271, 373, 379, 402, 410","271, 373, 379, 402, 410","271, 373, 379, 402, 410","271, 373, 379, 402, 410","Mark Nightingale | Nightingale, Mark | Mark, Nightingale,"
Richard Niles,"Niles, Richard",WORD,0,"43, 53, 57, 62, 70, 80, 83, 84, 86, 87, 89, 90, 94, 95, 96, 98, 103, 116, 118, 119, 120, 121, 125, 127, 128, 132, 134, 138, 140, 141, 144, 149, 150, 151, 156, 157, 158, 163, 166, 167, 168, 172, 173, 176, 180, 189, 190, 194, 196, 200, 202, 212, 223, 235, 264, 270, 271, 274, 291, 292, 303, 307, 320, 325, 333, 344, 345, 348, 350, 361, 363, 376, 384, 386, 391, 401, 403, 412, 413, 426, 427, 428, 429","7, 29, 96, 119, 126, 141, 148, 158, 181, 189, 190, 195, 197, 200, 202, 213, 224, 235, 265, 268, 271, 272, 275, 292, 293, 305, 308, 321, 326, 334, 346, 350, 352, 362, 364, 378, 385, 388, 393, 403, 406, 414, 424, 428, 429, 430","7, 29, 96, 119, 126, 141, 148, 158, 181, 189, 190, 195, 197, 200, 202, 213, 224, 235, 265, 268, 271, 272, 275, 292, 293, 305, 308, 321, 326, 334, 346, 350, 352, 362, 364, 378, 385, 388, 393, 403, 406, 414, 424, 428, 429, 430","7, 29, 96, 119, 126, 141, 148, 158, 181, 189, 190, 195, 197, 200, 202, 213, 224, 235, 265, 268, 271, 272, 275, 292, 293, 305, 308, 321, 326, 334, 346, 350, 352, 362, 364, 378, 385, 388, 393, 403, 406, 414, 424, 428, 429, 430","7, 29, 96, 119, 126, 141, 148, 158, 181, 189, 190, 195, 197, 200, 202, 213, 224, 235, 265, 268, 271, 272, 275, 292, 293, 305, 308, 321, 326, 334, 346, 350, 352, 362, 364, 378, 385, 388, 393, 403, 406, 414, 424, 428, 429, 430","Richard Niles | Niles, Richard | Richard, Niles,"
Niles Smiles,Niles Smiles,WORD,0,"409, 417, 428","89, 144, 411, 419, 430","89, 144, 411, 419, 430","89, 144, 411, 419, 430","89, 144, 411, 419, 430","Niles Smiles | Smiles, Niles"
Niles Smiles Music,Niles Smiles Music,WORD,0,"40, 64, 88, 143, 177, 428, 429","89, 144, 430","89, 144, 430","89, 144, 430","89, 144, 430","Niles Smiles Music | Music, Niles Smiles"
Terri Nunn,"Nunn, Terri",WORD,0,"86, 87, 194, 195","195, 196","195, 196","195, 196","195, 196","Terri Nunn | Nunn, Terri | Terri, Nunn,"
On Time,On Time,WORD,0,"152, 423","153, 217, 286, 425","153, 217, 286, 425","153, 217, 286, 425","153, 217, 286, 425","On Time | Time, On"
Original Records,Original Records,WORD,0,"146, 148","146, 147, 148","146, 147, 148","146, 147, 148","146, 147, 148","Original Records | Records, Original"
Overture To Performance,Overture To Performance,WORD,0,"257, 425","259, 426","259, 426",,"259, 426","Overture To Performance | Performance, Overture To"
Robert Palmer,"Palmer, Robert",WORD,0,"51, 114, 164, 379","114, 357, 381","114, 357, 381","114, 357, 381","114, 357, 381","Robert Palmer | Palmer, Robert | Robert, Palmer,"
Phil Palmer,"Palmer, Phil",WORD,0,"52, 116, 124, 282","116, 283","116, 283","116, 283","116, 283","Phil Palmer | Palmer, Phil | Phil, Palmer,"
Ian Palmer,"Palmer, Ian",WORD,0,"170, 172, 174, 175, 177, 395, 400, 408, 409, 415, 428","397, 402, 410, 411, 417, 430","397, 402, 410, 411, 417, 430","397, 402, 410, 411, 417, 430","397, 402, 410, 411, 417, 430","Ian Palmer | Palmer, Ian | Ian, Palmer,"
Charlie Parker,"Parker, Charlie",WORD,0,"27, 29, 62, 65","62, 65","62, 65","62, 65","62, 65","Charlie Parker | Parker, Charlie | Charlie, Parker,"
Maceo Parker,"Parker, Maceo",WORD,0,"153, 170, 355, 397","356, 399","356, 399","356, 399","356, 399","Maceo Parker | Parker, Maceo | Maceo, Parker,"
Mike Parlett,"Parlett, Mike",WORD,0,"169, 172, 393, 400","395, 402","395, 402","395, 402","395, 402","Mike Parlett | Parlett, Mike | Mike, Parlett,"
Andy Pask,"Pask, Andy",WORD,0,"88, 94, 124, 135, 151, 168, 199, 214, 282, 310, 350, 389","199, 215, 283, 313, 328, 352, 391","199, 215, 283, 313, 328, 352, 391","199, 215, 283, 313, 328, 352, 391","199, 215, 283, 313, 328, 352, 391","Andy Pask | Pask, Andy | Andy, Pask,"
Jaco Pastorious,"Pastorious, Jaco",WORD,0,"29, 59, 65, 133","65, 133","65, 133","65, 133","65, 133","Jaco Pastorious | Pastorious, Jaco | Jaco, Pastorious,"
The Pat Metheny Interviews,"Pat Metheny Interviews, The",WORD,0,"294, 428","295, 430","295, 430",,"295, 430","The Pat Metheny Interviews | Pat Metheny Interviews, The | Interviews, The Pat Metheny | The, Pat Metheny Interviews,"
Don Paul,"Paul, Don",WORD,0,"34, 43, 75, 95","76, 95","76, 95","76, 95","76, 95","Don Paul | Paul, Don | Don, Paul,"
Don Peake,"Peake, Don",WORD,0,"69, 157, 170, 171, 172, 396, 398, 402","132, 158, 398, 400, 405","132, 158, 398, 400, 405","132, 158, 398, 400, 405","132, 158, 398, 400, 405","Don Peake | Peake, Don | Don, Peake,"
Marti Pellow,"Pellow, Marti",WORD,0,"350, 427","350, 351, 429","350, 351, 429",,"350, 351, 429","Marti Pellow | Pellow, Marti | Marti, Pellow,"
Penny Lane,Penny Lane,WORD,0,"175, 234","176, 235","176, 235","176, 235","176, 235","Penny Lane | Lane, Penny"
Graeme Perkins,"Perkins, Graeme",WORD,0,"1, 182, 204, 244, 262, 265, 267, 284, 313, 322, 350","1, 182, 204, 245, 263, 266, 267, 285, 314, 324, 350, 352, 368","1, 182, 204, 245, 263, 266, 267, 285, 314, 324, 350, 352, 368","1, 182, 204, 245, 263, 266, 267, 285, 314, 324, 350, 352, 368","1, 182, 204, 245, 263, 266, 267, 285, 314, 324, 350, 352, 368","Graeme Perkins | Perkins, Graeme | Graeme, Perkins,"
Pet Shop Boys,Pet Shop Boys,WORD,0,"97, 99, 115, 116, 118, 136, 160, 174, 221, 226, 262, 264, 267, 268, 315, 316, 370, 407, 424, 425, 427","182, 222, 223, 226, 258, 262, 264, 268, 269, 316, 317, 372, 409, 426, 427, 429","182, 222, 223, 226, 258, 262, 264, 268, 269, 316, 317, 372, 409, 426, 427, 429","182, 222, 223, 226, 258, 262, 264, 268, 269, 316, 317, 372, 409, 426, 427, 429","182, 222, 223, 226, 258, 262, 264, 268, 269, 316, 317, 372, 409, 426, 427, 429","Pet Shop Boys | Boys, Pet Shop"
Peter John Vetesse,Peter John Vetesse,WORD,0,"94, 160, 214, 369","215, 371","215, 371","215, 371","215, 371","Peter John Vetesse | Vetesse, Peter John"
Peter Van Hooke,Peter Van Hooke,WORD,0,"65, 69, 146, 157, 168, 390","146, 157, 392","146, 157, 392","146, 157, 392","146, 157, 392","Peter Van Hooke | Hooke, Peter Van"
Arlene Phillips,"Phillips, Arlene",WORD,0,"46, 49, 51, 102, 108, 113","102, 108, 109, 114","102, 108, 109, 114","102, 108, 109, 114","102, 108, 109, 114","Arlene Phillips | Phillips, Arlene | Arlene, Phillips,"
Simon Phillips,"Phillips, Simon",WORD,0,"48, 69, 105, 157","106, 158","106, 158","106, 158","106, 158","Simon Phillips | Phillips, Simon | Simon, Phillips,"
Phoenix Studios,Phoenix Studios,WORD,0,"348, 350","350, 352","350, 352","350, 352","350, 352","Phoenix Studios | Studios, Phoenix"
Piano Grooves,Piano Grooves,WORD,0,"406, 428","407, 430","407, 430","407, 430","407, 430","Piano Grooves | Grooves, Piano"
Anne Pigalle,"Pigalle, Anne",WORD,0,"191, 423","191, 425","191, 425",,"191, 425","Anne Pigalle | Pigalle, Anne | Anne, Pigalle,"
Your Pillow,"Pillow, Your",WORD,0,"310, 313","314, 427",,,"314, 427","Your Pillow | Pillow, Your | Your, Pillow,"
Pink Fairies,Pink Fairies,WORD,0,"54, 55","54, 189",,,"54, 189","Pink Fairies | Fairies, Pink"
Pizza Express Jazz Club,Pizza Express Jazz Club,WORD,0,"131, 159, 166, 298, 301, 366, 386","300, 301, 368, 387","300, 301, 368, 387","300, 301, 368, 387","300, 301, 368, 387","Pizza Express Jazz Club | Club, Pizza Express Jazz"
Point Plan,"Plan, Point",WORD,0,"403, 428","406, 430","406, 430",,"406, 430","Point Plan | Plan, Point | Point, Plan,"
David Platz,"Platz, David",WORD,0,"33, 35, 40, 41, 43, 74, 78, 89, 90, 94","75, 78, 89, 91, 94","75, 78, 89, 91, 94","75, 78, 89, 91, 94","75, 78, 89, 91, 94","David Platz | Platz, David | David, Platz,"
Popped In Souled Out,Popped In Souled Out,CURATED_FALLBACK,1,"350, 426",,,"351, 428","351, 428","Popped In Souled Out | Out, Popped In Souled"
Dick Powell,"Powell, Dick",WORD,0,"4, 5, 9, 12","9, 12","9, 12","9, 12","9, 12","Dick Powell | Powell, Dick | Dick, Powell,"
Gerard Presencer,"Presencer, Gerard",WORD,0,"120, 133, 152, 272, 305, 351","273, 306, 353","273, 306, 353","273, 306, 353","273, 306, 353","Gerard Presencer | Presencer, Gerard | Gerard, Presencer,"
Reg Presley,"Presley, Reg",WORD,0,"125, 126, 285, 288","285, 289","285, 289","285, 289","285, 289","Reg Presley | Presley, Reg | Reg, Presley,"
The Pretty Things,"Pretty Things, The",WORD,0,"13, 17, 29, 41","29, 41, 63","29, 41, 63","29, 41, 63","29, 41, 63","The Pretty Things | Pretty Things, The | Things, The Pretty | The, Pretty Things,"
Produce Like A Pro,Produce Like A Pro,WORD,0,"406, 416","407, 418",,"406, 407, 418","407, 418","Produce Like A Pro | Pro, Produce Like A"
ProMix Academy,ProMix Academy,WORD,0,"406, 416, 429","407, 418","407, 418","407, 418","407, 418","ProMix Academy | Academy, ProMix"
Craig Pruess,"Pruess, Craig",WORD,0,"107, 423","107, 425","107, 425",,"107, 425","Craig Pruess | Pruess, Craig | Craig, Pruess,"
Pure Wings,Pure Wings,WORD,0,"50, 57, 59, 196","50, 53, 57, 59, 196","50, 53, 57, 59, 196","50, 53, 57, 59, 196","50, 53, 57, 59, 196","Pure Wings | Wings, Pure"
Monty Python,"Python, Monty",WORD,0,"21, 47, 140, 323","47, 324","47, 324","47, 324","47, 324","Monty Python | Python, Monty | Monty, Python,"
Bbc Radio,"Radio, Bbc",WORD,0,"317, 393","274, 310, 319, 395","274, 310, 319, 395",,"274, 310, 319, 395","Bbc Radio | Radio, Bbc | Bbc, Radio,"
Radio Richard,Radio Richard,WORD,0,"103, 289, 296","103, 290, 297, 372","103, 290, 297, 372","103, 290, 297, 372","103, 290, 297, 372","Radio Richard | Richard, Radio"
Polly Rae,"Rae, Polly",WORD,0,"315, 427","316, 429","316, 429",,"316, 429","Polly Rae | Rae, Polly | Polly, Rae,"
Nelson Rangell,"Rangell, Nelson",WORD,0,"130, 131, 297, 298, 301","299, 300, 302","299, 300, 302","299, 300, 302","299, 300, 302","Nelson Rangell | Rangell, Nelson | Nelson, Rangell,"
Red Bus Studio,Red Bus Studio,WORD,0,"65, 88, 146, 199","147, 199","147, 199","147, 199","147, 199","Red Bus Studio | Studio, Red Bus"
Oliver Reed,"Reed, Oliver",WORD,0,"125, 127, 284, 285, 289","285, 287, 290, 427","285, 287, 290, 427","285, 287, 290, 427","285, 287, 290, 427","Oliver Reed | Reed, Oliver | Oliver, Reed,"
Andy Richards,"Richards, Andy",WORD,0,"56, 73, 74, 86, 99, 125, 168, 195, 226","125, 168, 195, 227","125, 168, 195, 227","125, 168, 195, 227","125, 168, 195, 227","Andy Richards | Richards, Andy | Andy, Richards,"
Rob Rickenberg,"Rickenberg, Rob",WORD,0,"104, 158, 165, 238, 366, 382","238, 367, 383","238, 367, 383","238, 367, 383","238, 367, 383","Rob Rickenberg | Rickenberg, Rob | Rob, Rickenberg,"
Frank Ricotti,"Ricotti, Frank",WORD,0,"76, 133, 173, 306","174, 307","174, 307","174, 307","174, 307","Frank Ricotti | Ricotti, Frank | Frank, Ricotti,"
Nelson Riddle,"Riddle, Nelson",WORD,0,"25, 57, 80, 114, 128, 151, 181, 259, 260, 292, 350","57, 58, 182, 260, 261, 293, 352","57, 58, 182, 260, 261, 293, 352","57, 58, 182, 260, 261, 293, 352","57, 58, 182, 260, 261, 293, 352","Nelson Riddle | Riddle, Nelson | Nelson, Riddle,"
Right Said Fred,Right Said Fred,WORD,0,"369, 426","371, 427","371, 427",,"371, 427","Right Said Fred | Fred, Right Said"
Righteous Brothers,Righteous Brothers,WORD,0,"396, 397",398,,,398,"Righteous Brothers | Brothers, Righteous"
Paul Riser,"Riser, Paul",WORD,0,"8, 19, 20, 129, 295","19, 20, 296","19, 20, 296","19, 20, 296","19, 20, 296","Paul Riser | Riser, Paul | Paul, Riser,"
Nile Rodgers,"Rodgers, Nile",WORD,0,"92, 128, 207, 208, 292, 297","208, 209, 292, 297","208, 209, 292, 297","208, 209, 292, 297","208, 209, 292, 297","Nile Rodgers | Rodgers, Nile | Nile, Rodgers,"
Greg Rom,"Rom, Greg",WORD,0,"39, 40, 86, 87, 169, 393","86, 88, 395","86, 88, 395","86, 88, 395","86, 88, 395","Greg Rom | Rom, Greg | Greg, Rom,"
Tony Romano,"Romano, Tony",WORD,0,"3, 7, 23, 39, 40, 52, 58, 63, 85, 87, 129, 141, 142, 155, 359, 427","7, 50, 52, 86, 87, 130, 141, 142, 144, 360, 428, 430","7, 50, 52, 86, 87, 130, 141, 142, 144, 360, 428, 430","7, 50, 52, 86, 87, 130, 141, 142, 144, 360, 428, 430","7, 50, 52, 86, 87, 130, 141, 142, 144, 360, 428, 430","Tony Romano | Romano, Tony | Tony, Romano,"
Nick Romano,"Romano, Nick",WORD,0,"14, 129, 130",13,,,13,"Nick Romano | Romano, Nick | Nick, Romano,"
Ronnie Scott,Ronnie Scott,WORD,0,"1, 2, 109, 168, 248, 389","1, 2, 249, 391","1, 2, 249, 391","1, 2, 249, 391","1, 2, 249, 391","Ronnie Scott | Scott, Ronnie"
Frank Rosolino,"Rosolino, Frank",WORD,0,"63, 143, 170, 397","143, 399","143, 399","143, 399","143, 399","Frank Rosolino | Rosolino, Frank | Frank, Rosolino,"
Diana Ross,"Ross, Diana",WORD,0,"100, 164, 227, 379","228, 381, 382","228, 381, 382","228, 381, 382","228, 381, 382","Diana Ross | Ross, Diana | Diana, Ross,"
Steve Rowland,"Rowland, Steve",WORD,0,"8, 19, 27, 28, 47, 49, 53, 56, 62, 63, 64, 66, 70, 81, 85, 88, 89, 104, 105, 109, 118, 124, 144, 149, 159, 183, 193, 198, 200, 345","19, 62, 63, 105, 106, 107, 109, 118, 125, 144, 149, 159, 185, 194, 199, 200, 347","19, 62, 63, 105, 106, 107, 109, 118, 125, 144, 149, 159, 185, 194, 199, 200, 347","19, 62, 63, 105, 106, 107, 109, 118, 125, 144, 149, 159, 185, 194, 199, 200, 347","19, 62, 63, 105, 106, 107, 109, 118, 125, 144, 149, 159, 185, 194, 199, 200, 347","Steve Rowland | Rowland, Steve | Steve, Rowland,"
Steve Rubie,"Rubie, Steve",WORD,0,"389, 390",391,,,391,"Steve Rubie | Rubie, Steve | Steve, Rubie,"
Michael Ruff,"Ruff, Michael",WORD,0,"110, 112, 124, 127, 132, 134, 136, 167, 173, 250, 254, 283, 290, 302, 308, 314, 388, 406, 425","251, 255, 284, 292, 303, 309, 315, 330, 390, 407, 427","251, 255, 284, 292, 303, 309, 315, 330, 390, 407, 427","251, 255, 284, 292, 303, 309, 315, 330, 390, 407, 427","251, 255, 284, 292, 303, 309, 315, 330, 390, 407, 427","Michael Ruff | Ruff, Michael | Michael, Ruff,"
Todd Rundgren,"Rundgren, Todd",WORD,0,"84, 165, 190, 382","191, 384","191, 384","191, 384","191, 384","Todd Rundgren | Rundgren, Todd | Todd, Rundgren,"
Brenda Russell,"Russell, Brenda",WORD,0,"121, 164, 277, 379","278, 381","278, 381","278, 381","278, 381","Brenda Russell | Russell, Brenda | Brenda, Russell,"
Santa Rita,Santa Rita,WORD,0,"297, 299, 314, 426","298, 300, 301, 315, 428","298, 300, 301, 315, 428","298, 300, 301, 315, 428","298, 300, 301, 315, 428","Santa Rita | Rita, Santa"
Sarm West Studios,Sarm West Studios,WORD,0,"170, 221, 270","161, 171, 223, 271","161, 171, 223, 271","161, 171, 223, 271","161, 171, 223, 271","Sarm West Studios | Studios, Sarm West"
Jonn Savannah,"Savannah, Jonn",WORD,0,"140, 141, 324, 327","325, 330","325, 330","325, 330","325, 330","Jonn Savannah | Savannah, Jonn | Jonn, Savannah,"
Leo Sayer,"Sayer, Leo",WORD,0,"51, 56, 59, 112, 113, 123, 133, 171, 173, 399, 406","112, 114, 115, 124, 133, 401, 407","112, 114, 115, 124, 133, 401, 407","112, 114, 115, 124, 133, 401, 407","112, 114, 115, 124, 133, 401, 407","Leo Sayer | Sayer, Leo | Leo, Sayer,"
Doc Severinsen,"Severinsen, Doc",WORD,0,"53, 79, 94, 117, 118, 179, 212","118, 119, 179, 180, 213","118, 119, 179, 180, 213","118, 119, 179, 180, 213","118, 119, 179, 180, 213","Doc Severinsen | Severinsen, Doc | Doc, Severinsen,"
Sex Me Talk Me,Sex Me Talk Me,CURATED_FALLBACK,1,"195, 423, 424",,,"195, 425","195, 425","Sex Me Talk Me | Me, Sex Me Talk"
Alan Shacklock,"Shacklock, Alan",WORD,0,"85, 86, 193, 194",194,,,194,"Alan Shacklock | Shacklock, Alan | Alan, Shacklock,"
Bill Sharpe,"Sharpe, Bill",WORD,0,"165, 423","167, 425","167, 425",,"167, 425","Bill Sharpe | Sharpe, Bill | Bill, Sharpe,"
Richard Sharpey,"Sharpey, Richard",WORD,0,"37, 40, 82, 88","82, 89","82, 89","82, 89","82, 89","Richard Sharpey | Sharpey, Richard | Richard, Sharpey,"
Martin Shaw,"Shaw, Martin",WORD,0,"131, 135, 300, 309","301, 310","301, 310","301, 310","301, 310","Martin Shaw | Shaw, Martin | Martin, Shaw,"
Pet Shop,"Shop, Pet",WORD,0,"257, 263","182, 222, 223, 226, 258, 262, 264, 268, 269, 316, 317, 372, 409, 426, 427, 429","182, 222, 223, 226, 258, 262, 264, 268, 269, 316, 317, 372, 409, 426, 427, 429",,"182, 222, 223, 226, 258, 262, 264, 268, 269, 316, 317, 372, 409, 426, 427, 429","Pet Shop | Shop, Pet | Pet, Shop,"
Wayne Shorter,"Shorter, Wayne",WORD,0,"72, 127, 134, 164, 290, 308","165, 291, 309","165, 291, 309","165, 291, 309","165, 291, 309","Wayne Shorter | Shorter, Wayne | Wayne, Shorter,"
Tonight Show,"Show, Tonight",WORD,0,"79, 94, 179, 212","118, 179, 180, 213","118, 179, 180, 213","118, 179, 180, 213","118, 179, 180, 213","Tonight Show | Show, Tonight | Tonight, Show,"
Alexander Shulgin,"Shulgin, Alexander",WORD,0,"122, 159, 167, 279, 367, 387","280, 369, 389, 429","280, 369, 389, 429","280, 369, 389, 429","280, 369, 389, 429","Alexander Shulgin | Shulgin, Alexander | Alexander, Shulgin,"
Bright Side,"Side, Bright",WORD,0,"297, 323","298, 324","298, 324","298, 324","298, 324","Bright Side | Side, Bright | Bright, Side,"
Pat Silver-Lasky,"Silver-Lasky, Pat",WORD,0,"2, 3, 5, 6, 7, 11, 12, 15, 16, 27, 28, 29, 31, 38, 39, 45, 46, 47, 49, 58, 66, 73, 128, 275, 277, 278, 300, 301","5, 6, 7, 11, 12, 15, 16, 27, 28, 29, 31, 38, 39, 45, 46, 47, 49, 58, 66, 73, 85, 128, 276, 277, 300, 301","16, 277","16, 277","5, 6, 7, 11, 12, 15, 16, 27, 28, 29, 31, 38, 39, 45, 46, 47, 49, 58, 66, 73, 85, 128, 276, 277, 300, 301","Pat Silver-Lasky | Silver-Lasky, Pat | Barbara Betts | Barbara Carleton | Barbara Hayden | Barbara Romano | Mom | Pat, Silver-Lasky,"
Simple Minds,Simple Minds,WORD,0,"97, 160, 223, 370","224, 372","224, 372","224, 372","224, 372","Simple Minds | Minds, Simple"
Frank Sinatra,"Sinatra, Frank",WORD,0,"5, 12, 128, 151, 292, 350","12, 172, 293, 352","12, 172, 293, 352","12, 172, 293, 352","12, 172, 293, 352","Frank Sinatra | Sinatra, Frank | Frank, Sinatra,"
Sitdown Sundown,Sitdown Sundown,WORD,0,"53, 58","53, 58","53, 58","53, 58","53, 58","Sitdown Sundown | Sundown, Sitdown"
Slave To The Rhythm,Slave To The Rhythm,WORD,0,"73, 74, 75, 80, 150, 166, 167, 168, 172, 180, 348, 423","167, 169, 172, 180, 213, 215, 349, 380, 425","167, 169, 172, 180, 213, 215, 349, 380, 425","167, 169, 172, 180, 213, 215, 349, 380, 425","167, 169, 172, 180, 213, 215, 349, 380, 425","Slave To The Rhythm | Rhythm, Slave To The"
Heather Small,"Small, Heather",WORD,0,"369, 427","371, 428","371, 428",,"371, 428","Heather Small | Small, Heather | Heather, Small,"
Nick Smith,"Smith, Nick",WORD,0,"72, 73, 162, 164, 166","163, 165, 167","163, 165, 167","163, 165, 167","163, 165, 167","Nick Smith | Smith, Nick | Nick, Smith,"
Leslie Smith,"Smith, Leslie",WORD,0,"124, 141, 283, 327","284, 330","284, 330","284, 330","284, 330","Leslie Smith | Smith, Leslie | Leslie, Smith,"
So Hard,So Hard,WORD,0,"259, 261","80, 260, 261","80, 260, 261","80, 260, 261","80, 260, 261","So Hard | Hard, So"
Sometimes Like Butterflies,Sometimes Like Butterflies,WORD,0,"185, 186","186, 187","186, 187",,"186, 187","Sometimes Like Butterflies | Butterflies, Sometimes Like"
Stephen Sondheim,"Sondheim, Stephen",WORD,0,"118, 148, 268, 344","72, 269, 345","72, 269, 345","72, 269, 345","72, 269, 345","Stephen Sondheim | Sondheim, Stephen | Stephen, Sondheim,"
Soul Shadows,Soul Shadows,WORD,0,"391, 427","394, 429","394, 429","394, 429","394, 429","Soul Shadows | Shadows, Soul"
Sound Suite Studio,Sound Suite Studio,WORD,0,"68, 136, 153, 314","154, 315","154, 315","154, 315","154, 315","Sound Suite Studio | Studio, Sound Suite"
Sounds Like Friday,Sounds Like Friday,WORD,0,"112, 113","112, 114","112, 114",,"112, 114","Sounds Like Friday | Friday, Sounds Like"
Space Oddity,Space Oddity,WORD,0,"90, 94","91, 94","91, 94","91, 94","91, 94","Space Oddity | Oddity, Space"
Phil Spalding,"Spalding, Phil",WORD,0,"80, 134, 141, 159, 173, 181, 307, 326, 369, 403","182, 308, 329, 371, 406","182, 308, 329, 371, 406","182, 308, 329, 371, 406","182, 308, 329, 371, 406","Phil Spalding | Spalding, Phil | Phil, Spalding,"
Paul Spong,"Spong, Paul",WORD,0,"103, 142, 152, 235, 331, 351","236, 332, 353","236, 332, 353","236, 332, 353","236, 332, 353","Paul Spong | Spong, Paul | Paul, Spong,"
Dusty Springfield,"Springfield, Dusty",WORD,0,"8, 20, 35, 37, 77, 80, 81, 115, 122, 183, 261, 278, 423","20, 77, 81, 185, 262, 279, 425","20, 77, 81, 185, 262, 279, 425","20, 77, 81, 185, 262, 279, 425","20, 77, 81, 185, 262, 279, 425","Dusty Springfield | Springfield, Dusty | Dusty, Springfield,"
Kate St. John,"St. John, Kate",WORD,0,"234, 261, 268, 278, 297, 299, 345, 407","235, 261, 269, 279, 299, 300, 346, 409",,,"235, 261, 269, 279, 299, 300, 346, 409","Kate St. John | St. John, Kate | John, Kate St. | Kate, St. John,"
Gold Star,"Star, Gold",WORD,0,"141, 142","52, 141, 142, 144, 430","52, 141, 142, 144, 430",,"52, 141, 142, 144, 430","Gold Star | Star, Gold | Gold, Star,"
Ringo Starr,"Starr, Ringo",WORD,0,"13, 31, 52, 115","31, 116","31, 116","31, 116","31, 116","Ringo Starr | Starr, Ringo | Ringo, Starr,"
Starship Trooper,Starship Trooper,WORD,0,"107, 108, 109, 111, 146, 150, 423","107, 108, 109, 111, 146, 150, 425","107, 108, 109, 111, 146, 150, 425","107, 108, 109, 111, 146, 150, 425","107, 108, 109, 111, 146, 150, 425","Starship Trooper | Trooper, Starship"
Mike Stavrou,"Stavrou, Mike",WORD,0,"57, 58, 127, 130","128, 130","128, 130","128, 130","128, 130","Mike Stavrou | Stavrou, Mike | Mike, Stavrou,"
Anthony Steinberg,"Steinberg, Anthony",WORD,0,"156, 164, 360, 379","361, 380","361, 380","361, 380","361, 380","Anthony Steinberg | Steinberg, Anthony | Anthony, Steinberg,"
Step By Step,Step By Step,WORD,0,"230, 424","231, 426","231, 426",,"231, 426","Step By Step | Step, Step By"
Mike Stern,"Stern, Mike",WORD,0,"32, 71, 127, 290, 412","72, 291, 414","72, 291, 414","72, 291, 414","72, 291, 414","Mike Stern | Stern, Mike | Mike, Stern,"
Cat Stevens,"Stevens, Cat",WORD,0,"35, 36, 40, 50, 78, 79, 88, 111, 423, 425","79, 88, 112, 163, 424, 427","79, 88, 112, 163, 424, 427","79, 88, 112, 163, 424, 427","79, 88, 112, 163, 424, 427","Cat Stevens | Stevens, Cat | Cat, Stevens,"
Richard Strauss,"Strauss, Richard",WORD,0,"49, 50, 109, 111","110, 111","110, 111","110, 111","110, 111","Richard Strauss | Strauss, Richard | Richard, Strauss,"
Street Life,Street Life,WORD,0,"156, 157",157,,,157,"Street Life | Life, Street"
Hamish Stuart,"Stuart, Hamish",WORD,0,"130, 139, 297, 322, 426","299, 323, 428","299, 323, 428","299, 323, 428","299, 323, 428","Hamish Stuart | Stuart, Hamish | Hamish, Stuart,"
Steve Swallow,"Swallow, Steve",WORD,0,"26, 29, 60, 65","60, 65","60, 65","60, 65","60, 65","Steve Swallow | Swallow, Steve | Steve, Swallow,"
Gloria Swanson,"Swanson, Gloria",WORD,0,"11, 25, 93, 211","25, 211","25, 211","25, 211","25, 211","Gloria Swanson | Swanson, Gloria | Gloria, Swanson,"
Swing Out Sister,Swing Out Sister,WORD,0,"20, 202, 207, 219, 231, 349, 424","21, 203, 207, 220, 231, 350, 426","21, 203, 207, 220, 231, 350, 426","21, 203, 207, 220, 231, 350, 426","21, 203, 207, 220, 231, 350, 426","Swing Out Sister | Sister, Swing Out"
The Swingle Singers,"Swingle Singers, The",WORD,0,"130, 166, 296, 385","296, 386, 388","296, 386, 388","296, 386, 388","296, 386, 388","The Swingle Singers | Swingle Singers, The | Singers, The Swingle | The, Swingle Singers,"
The Disco Sound Of Music,The Disco Sound Of Music,WORD,0,"150, 151","150, 151",,"150, 151","150, 151","The Disco Sound Of Music | Music, The Disco Sound Of"
The Epic,The Epic,WORD,0,"134, 137","134, 138, 227","134, 138, 227","134, 138, 227","134, 138, 227","The Epic | Epic, The"
The Pat Metheny Group,The Pat Metheny Group,WORD,0,"131, 134","133, 135, 140, 248","133, 135, 140, 248","133, 135, 140, 248","133, 135, 140, 248","The Pat Metheny Group | Group, The Pat Metheny"
The Real Book,The Real Book,WORD,0,"66, 68, 70, 73, 145, 238","67, 68, 70, 73, 146, 238","67, 68, 70, 73, 146, 238","67, 68, 70, 73, 146, 238","67, 68, 70, 73, 146, 238","The Real Book | Book, The Real"
The Rolling Stones,The Rolling Stones,WORD,0,"42, 393","41, 42, 395","41, 42, 395","41, 42, 395","41, 42, 395","The Rolling Stones | Stones, The Rolling"
The Strike,The Strike,WORD,0,"228, 229",229,,,229,"The Strike | Strike, The"
The Taiga Symphony,"Taiga Symphony, The",WORD,0,"282, 424","283, 426","283, 426",,"283, 426","The Taiga Symphony | Taiga Symphony, The | Symphony, The Taiga | The, Taiga Symphony,"
Take That,Take That,WORD,0,"315, 316, 425","316, 317, 427","316, 317, 427","316, 317, 427","316, 317, 427","Take That | That, Take"
Jamie Talbot,"Talbot, Jamie",WORD,0,"103, 152, 174, 235, 351, 352, 407","236, 353, 410","236, 353, 410","236, 353, 410","236, 353, 410","Jamie Talbot | Talbot, Jamie | Jamie, Talbot,"
Tame Thy Pen,Tame Thy Pen,WORD,0,"30, 32, 68, 70, 166, 384","68, 71, 386","68, 71, 386","68, 71, 386","68, 71, 386","Tame Thy Pen | Pen, Tame Thy"
Mick Taylor,"Taylor, Mick",WORD,0,"19, 20, 44, 45","44, 45","44, 45","44, 45","44, 45","Mick Taylor | Taylor, Mick | Mick, Taylor,"
Steve Taylor,"Taylor, Steve",WORD,0,"65, 69, 146, 156","147, 157","147, 157","147, 157","147, 157","Steve Taylor | Taylor, Steve | Steve, Taylor,"
Martin Taylor,"Taylor, Martin",WORD,0,"59, 170, 395","132, 397, 402",,,"132, 397, 402","Martin Taylor | Taylor, Martin | Martin, Taylor,"
Tell Me Where You're Going,Tell Me Where You're Going,WORD,0,"239, 241",426,,"240, 242, 426",426,"Tell Me Where You're Going | Going, Tell Me Where You're"
Ten Years After,Ten Years After,WORD,0,"13, 17, 18, 29, 40, 41, 124, 282","29, 40, 41, 283","29, 40, 41, 283","29, 40, 41, 283","29, 40, 41, 283","Ten Years After | After, Ten Years"
Neil Tennant,"Tennant, Neil",WORD,0,"181, 221, 269","182, 223, 268, 270","182, 223, 268, 270","182, 223, 268, 270","182, 223, 268, 270","Neil Tennant | Tennant, Neil | Neil, Tennant,"
Be There,"There, Be",WORD,0,"230, 231","121, 124, 231, 232, 275, 323","121, 124, 231, 232, 275, 323",,"121, 124, 231, 232, 275, 323","Be There | There, Be | Be, There,"
There When I Needed You,There When I Needed You,WORD,0,"161, 424","162, 426",,"162, 426","162, 426","There When I Needed You | You, There When I Needed"
Thinkin' Bout My Baby,Thinkin' Bout My Baby,CURATED_FALLBACK,1,"330, 331",,,"331, 332","331, 332","Thinkin' Bout My Baby | Baby, Thinkin' Bout My"
John Thirkell,"Thirkell, John",WORD,0,"86, 88, 90, 101, 103, 163, 170, 171, 172, 174, 193, 198, 204, 231, 235, 377, 395, 400, 401, 407","194, 199, 204, 231, 236, 379, 397, 401, 402, 403, 409, 412","194, 199, 204, 231, 236, 379, 397, 401, 402, 403, 409, 412","194, 199, 204, 231, 236, 379, 397, 401, 402, 403, 409, 412","194, 199, 204, 231, 236, 379, 397, 401, 402, 403, 409, 412","John Thirkell | Thirkell, John | John, Thirkell,"
This Quiet Room,This Quiet Room,WORD,0,"380, 428","382, 383, 430","382, 383, 430",,"382, 383, 430","This Quiet Room | Room, This Quiet"
This Time,This Time,WORD,0,"348, 427","5, 77, 88, 92, 100, 114, 152, 156, 179, 255, 278, 325, 344, 350, 357, 375, 393, 399, 411, 429","5, 77, 88, 92, 100, 114, 152, 156, 179, 255, 278, 325, 344, 350, 357, 375, 393, 399, 411, 429","5, 77, 88, 92, 100, 114, 152, 156, 179, 255, 278, 325, 344, 350, 357, 375, 393, 399, 411, 429","5, 77, 88, 92, 100, 114, 152, 156, 179, 255, 278, 325, 344, 350, 357, 375, 393, 399, 411, 429","This Time | Time, This"
Ian Thomas,"Thomas, Ian",WORD,0,"133, 135, 136, 137, 138, 139, 305, 309, 314, 318, 319, 321","306, 310, 315, 319, 320, 321, 322","306, 310, 315, 319, 320, 321, 322","306, 310, 315, 319, 320, 321, 322","306, 310, 315, 319, 320, 321, 322","Ian Thomas | Thomas, Ian | Ian, Thomas,"
Through The Years,Through The Years,WORD,0,"278, 425","279, 287, 401, 427","279, 287, 401, 427",,"279, 287, 401, 427","Through The Years | Years, Through The"
Thumbs Up,Thumbs Up,WORD,0,"163, 164, 423","164, 165, 425","164, 165, 425","164, 165, 425","164, 165, 425","Thumbs Up | Up, Thumbs"
Mabel Todd,"Todd, Mabel",WORD,0,"4, 5, 8, 9, 12","8, 9, 12","8, 9, 12","8, 9, 12","8, 9, 12","Mabel Todd | Todd, Mabel | Mabel, Todd,"
Phil Todd,"Todd, Phil",WORD,0,"88, 103, 199, 235","199, 236","199, 236","199, 236","199, 236","Phil Todd | Todd, Phil | Phil, Todd,"
The Tonight Show,"Tonight Show, The",WORD,0,"53, 79, 117, 179","118, 179, 180, 213","118, 179, 180, 213","118, 179, 180, 213","118, 179, 180, 213","The Tonight Show | Tonight Show, The | Show, The Tonight | The, Tonight Show,"
Transcendental Meditation,Transcendental Meditation,WORD,0,"48, 52, 82","48, 52, 83","48, 52, 83","48, 52, 83","48, 52, 83","Transcendental Meditation | Meditation, Transcendental"
Garry Travers,"Travers, Garry",WORD,0,"40, 43, 88, 94, 95","77, 88, 95","77, 88, 95","77, 88, 95","77, 88, 95","Garry Travers | Travers, Garry | Garry, Travers,"
The Troggs,The Troggs,WORD,0,"285, 288","285, 286, 287, 289, 427",,,"285, 286, 287, 289, 427","The Troggs | Troggs, The"
True To You,True To You,WORD,0,"365, 427","366, 367, 429","366, 367, 429",,"366, 367, 429","True To You | You, True To"
Tina Turner,"Turner, Tina",WORD,0,"53, 116, 141, 159, 164, 170, 326, 369, 379, 396, 423, 426","117, 329, 370, 381, 398, 424, 427, 428","117, 329, 370, 381, 398, 424, 427, 428","117, 329, 370, 381, 398, 424, 427, 428","117, 329, 370, 381, 398, 424, 427, 428","Tina Turner | Turner, Tina | Tina, Turner,"
Wogan Tv,"Tv, Wogan",WORD,0,"186, 248","187, 248","187, 248",,"187, 248","Wogan Tv | Tv, Wogan | Wogan, Tv,"
The Who,The Who,WORD,0,"29, 40, 41, 194, 327","29, 40, 41, 194, 330","29, 40, 41, 194, 330","29, 40, 41, 194, 330","29, 40, 41, 194, 330","The Who | Who, The"
Luther Vandross,"Vandross, Luther",WORD,0,"102, 124, 232, 283","233, 284","233, 284","233, 284","233, 284","Luther Vandross | Vandross, Luther | Luther, Vandross,"
Sarah Vaughan,"Vaughan, Sarah",WORD,0,"90, 128, 204, 292","205, 293","205, 293","205, 293","205, 293","Sarah Vaughan | Vaughan, Sarah | Sarah, Vaughan,"
Joe Venuti,"Venuti, Joe",WORD,0,"5, 12, 23, 29, 39, 40, 52, 63, 64, 85, 87, 141, 143, 144, 155, 360, 427, 428","12, 29, 52, 86, 87, 141, 144, 361, 428, 430","12, 29, 52, 86, 87, 141, 144, 361, 428, 430","12, 29, 52, 86, 87, 141, 144, 361, 428, 430","12, 29, 52, 86, 87, 141, 144, 361, 428, 430","Joe Venuti | Venuti, Joe | Joe, Venuti,"
Video Killed The Radio Star,Video Killed The Radio Star,WORD,0,"168, 211","168, 213",,"168, 213","168, 213","Video Killed The Radio Star | Star, Video Killed The Radio"
Steve Vintner,"Vintner, Steve",WORD,0,"104, 132, 137, 155, 156, 238, 301, 318, 358, 361","238, 302, 319, 360, 363","238, 302, 319, 360, 363","238, 302, 319, 360, 363","238, 302, 319, 360, 363","Steve Vintner | Vintner, Steve | Steve, Vintner,"
Tony Visconti,"Visconti, Tony",WORD,0,"33, 40, 42, 73, 89, 93, 94","73, 90, 94","73, 90, 94","73, 90, 94","73, 90, 94","Tony Visconti | Visconti, Tony | Tony, Visconti,"
Tony Walthers,"Walthers, Tony",WORD,0,"120, 131, 132, 133, 135, 137, 144, 164, 165, 272, 299, 301, 306, 309, 318, 333, 379, 382, 428","273, 300, 302, 307, 310, 319, 334, 382, 383, 430","273, 300, 302, 307, 310, 319, 334, 382, 383, 430","273, 300, 302, 307, 310, 319, 334, 382, 383, 430","273, 300, 302, 307, 310, 319, 334, 382, 383, 430","Tony Walthers | Walthers, Tony | Tony, Walthers,"
Want Your Love,Want Your Love,WORD,0,"207, 208",208,,,208,"Want Your Love | Love, Want Your"
Harry Warren,"Warren, Harry",WORD,0,"129, 130",130,,,130,"Harry Warren | Warren, Harry | Harry, Warren,"
Was Not Was,Was Not Was,CURATED_FALLBACK,1,"207, 424",,,"208, 426","208, 426","Was Not Was | Was, Was Not"
Derek Watkins,"Watkins, Derek",WORD,0,"151, 158, 350, 366","352, 367","352, 367","352, 367","352, 367","Derek Watkins | Watkins, Derek | Derek, Watkins,"
Ruby Wax,"Wax, Ruby",WORD,0,"219, 257",213,,,213,"Ruby Wax | Wax, Ruby | Ruby, Wax,"
Rob Welti,"Welti, Rob",WORD,0,"13, 15, 18, 30, 35, 41","30, 35, 41","30, 35, 41","30, 35, 41","30, 35, 41","Rob Welti | Welti, Rob | Rob, Welti,"
West End Girls,West End Girls,WORD,0,"114, 115, 259, 261","260, 262","260, 262","260, 262","260, 262","West End Girls | Girls, West End"
West Side Story,West Side Story,WORD,0,"118, 119, 166, 268, 269, 270, 386","269, 270, 387","269, 270, 387","269, 270, 387","269, 270, 387","West Side Story | Story, West Side"
Wet Wet Wet,Wet Wet Wet,WORD,0,"349, 425, 426","350, 426, 427, 428","350, 426, 427, 428",,"350, 426, 427, 428","Wet Wet Wet | Wet, Wet Wet"
Jerry Wexler,"Wexler, Jerry",WORD,0,"82, 128, 142, 185, 292, 296, 330","186, 293, 297, 331","186, 293, 297, 331","186, 293, 297, 331","186, 293, 297, 331","Jerry Wexler | Wexler, Jerry | Jerry, Wexler,"
What A Fool Believes,What A Fool Believes,WORD,0,"306, 310, 369, 426","308, 311, 371, 428",,"308, 311, 371, 428","308, 311, 371, 428","What A Fool Believes | Believes, What A Fool"
What Have I Done to Deserve This?,What Have I Done to Deserve This?,CURATED_FALLBACK,1,"259, 261",,,"260, 262","260, 262","What Have I Done to Deserve This? | This?, What Have I Done to Deserve"
Whatever Happened to Hollywood?,Whatever Happened to Hollywood?,EXTRACTED_ORIGINAL,1,"406, 429",,,,"406, 429","Whatever Happened to Hollywood? | Hollywood?, Whatever Happened to"
Whatever You Want,Whatever You Want,WORD,0,"369, 426","370, 427, 428","370, 427, 428",,"370, 427, 428","Whatever You Want | Want, Whatever You"
Clare Wheeler,"Wheeler, Clare",WORD,0,"166, 167, 385, 386","386, 388","386, 388","386, 388","386, 388","Clare Wheeler | Wheeler, Clare | Clare, Wheeler,"
Mark White,"White, Mark",WORD,0,"92, 157, 208, 363","209, 365","209, 365","209, 365","209, 365","Mark White | White, Mark | Mark, White,"
Mike Whitehead,"Whitehead, Mike",WORD,0,"26, 27, 29, 58, 60, 64","59, 61, 65","59, 61, 65","59, 61, 65","59, 61, 65","Mike Whitehead | Whitehead, Mike | Mike, Whitehead,"
Steve Whitman,"Whitman, Steve",WORD,0,"20, 22, 37, 46, 49, 82","45, 46, 49, 82","45, 46, 49, 82","45, 46, 49, 82","45, 46, 49, 82","Steve Whitman | Whitman, Steve | Steve, Whitman,"
Wild Thing,Wild Thing,WORD,0,"284, 286, 289, 425","285, 287, 290, 427","285, 287, 290, 427","285, 287, 290, 427","285, 287, 290, 427","Wild Thing | Thing, Wild"
Neal Wilkinson,"Wilkinson, Neal",WORD,0,"68, 72, 73, 88, 95, 106, 131, 135, 151, 153, 154, 162, 166, 199, 215, 242, 300, 310, 350","154, 155, 163, 167, 199, 216, 243, 301, 306, 313, 314, 352","154, 155, 163, 167, 199, 216, 243, 301, 306, 313, 314, 352","154, 155, 163, 167, 199, 216, 243, 301, 306, 313, 314, 352","154, 155, 163, 167, 199, 216, 243, 301, 306, 313, 314, 352","Neal Wilkinson | Wilkinson, Neal | Neal, Wilkinson,"
John Williams,"Williams, John",WORD,0,"49, 50, 110, 111, 161, 176, 373, 414","110, 111, 374, 415","110, 111, 374, 415","110, 111, 374, 415","110, 111, 374, 415","John Williams | Williams, John | John, Williams,"
Deniece Williams,"Williams, Deniece",WORD,0,"121, 171, 274, 400","276, 402","276, 402","276, 402","276, 402","Deniece Williams | Williams, Deniece | Deniece, Williams,"
Robbie Williams,"Williams, Robbie",WORD,0,"141, 148, 164, 326, 344, 379","329, 345, 381","329, 345, 381","329, 345, 381","329, 345, 381","Robbie Williams | Williams, Robbie | Robbie, Williams,"
Claude Williamson,"Williamson, Claude",WORD,0,"5, 12, 63, 143","12, 143","12, 143","12, 143","12, 143","Claude Williamson | Williamson, Claude | Claude, Williamson,"
Kate Winslet,"Winslet, Kate",WORD,0,"146, 162, 337, 374, 427","340, 376, 429","340, 376, 429","340, 376, 429","340, 376, 429","Kate Winslet | Winslet, Kate | Kate, Winslet,"
Kate Winter,"Winter, Kate",WORD,0,"120, 168, 273, 390","274, 327, 391","274, 327, 391","274, 327, 391","274, 327, 391","Kate Winter | Winter, Kate | Kate, Winter,"
Terry Wogan,"Wogan, Terry",WORD,0,"67, 84, 151, 189","151, 190","151, 190","151, 190","151, 190","Terry Wogan | Wogan, Terry | Terry, Wogan,"
Stevie Wonder,"Wonder, Stevie",WORD,0,"72, 133, 163, 164, 306","163, 165, 308","163, 165, 308","163, 165, 308","163, 165, 308","Stevie Wonder | Wonder, Stevie | Stevie, Wonder,"
Bruce Woolley,"Woolley, Bruce",WORD,0,"73, 74, 78, 94, 167, 168, 177, 211","168, 178, 213","168, 178, 213","168, 178, 213","168, 178, 213","Bruce Woolley | Woolley, Bruce | Bruce, Woolley,"
World In Union,World In Union,WORD,0,"278, 425","279, 426","279, 426",,"279, 426","World In Union | Union, World In"
Gavyn Wright,"Wright, Gavyn",WORD,0,"63, 76, 89, 91, 101, 119, 133, 135, 138, 142, 151, 158, 160, 161, 172, 201, 205, 231, 270, 303, 305, 314, 319, 350, 351, 364, 366, 371, 374","143, 173, 202, 206, 231, 271, 306, 315, 320, 352, 366, 368, 372, 375","143, 173, 202, 206, 231, 271, 306, 315, 320, 352, 366, 368, 372, 375","143, 173, 202, 206, 231, 271, 306, 315, 320, 352, 366, 368, 372, 375","143, 173, 202, 206, 231, 271, 306, 315, 320, 352, 366, 368, 372, 375","Gavyn Wright | Wright, Gavyn | Gavyn, Wright,"
Joy Yates,"Yates, Joy",WORD,0,"40, 58, 88, 130","88, 130","88, 130","88, 130","88, 130","Joy Yates | Yates, Joy | Joy, Yates,"
Needed You,"You, Needed",WORD,0,"161, 424","162, 426","162, 426",,"162, 426","Needed You | You, Needed | Needed, You,"
Frank Zappa,"Zappa, Frank",WORD,0,"25, 42, 57, 80, 93, 176, 181, 413","57, 94, 182, 414","57, 94, 182, 414","57, 94, 182, 414","57, 94, 182, 414","Frank Zappa | Zappa, Frank | Frank, Zappa,"
