original_key,edited_key,normalized,pages
24 Hours From Tulsa,24 Hours From Tulsa,24 Hours From Tulsa,"154, 423"
A Day In The Life,A Day In The Life,A Day In The Life,"226, 234"
Adventures in Jazz Composition,Adventures in Jazz Composition,Adventures in Jazz Composition,"405, 429"
Alan Shacklock,Alan Shacklock,"Shacklock, Alan","85, 86, 193, 194"
Alexander Shulgin,Alexander Shulgin,"Shulgin, Alexander","122, 159, 167, 279, 367, 387"
Alexis Korner,Alexis Korner,"Korner, Alexis","54, 55"
Also Sprach Zarathustra,Also Sprach Zarathustra,Also Sprach Zarathustra,"49, 50, 109, 111"
Alvin Lee,Alvin Lee,"Lee, Alvin","18, 41, 124, 125, 282, 285"
Always Look On The Bright Side Of Life,Always Look On The Bright Side Of Life,Always Look On The Bright Side Of Life,"297, 323"
American Garage,American Garage,American Garage,"60, 62, 65, 134, 139, 147, 423"
Andrew Lloyd Webber,Andrew Lloyd Webber,"Lloyd Webber, Andrew","209, 235"
Andy Pask,Andy Pask,"Pask, Andy","88, 94, 124, 135, 151, 168, 199, 214, 282, 310, 350, 389"
Andy Richards,Andy Richards,"Richards, Andy","56, 73, 74, 86, 99, 125, 168, 195, 226"
Angel Studios,Angel Studios,Angel Studios,"268, 407"
Anne Dudley,Anne Dudley,"Dudley, Anne","47, 71, 75, 84, 89, 103, 161, 170, 191, 200"
Anne Pigalle,Anne Pigalle,"Pigalle, Anne","191, 423"
Anthony Steinberg,Anthony Steinberg,"Steinberg, Anthony","156, 164, 360, 379"
Aretha Franklin,Aretha Franklin,"Franklin, Aretha","8, 20, 98, 225"
Arif Mardin,Arif Mardin,"Mardin, Arif","8, 20, 128, 292, 296"
Arlene Phillips,Arlene Phillips,"Phillips, Arlene","46, 49, 51, 102, 108, 113"
Arrange Like A Pro,Arrange Like A Pro,Arrange Like A Pro,"405, 429"
August Darnell,August Darnell,"Darnell, August","129, 132, 134, 295, 301, 307"
Average White Band,Average White Band,Average White Band,"72, 131, 142, 162, 299, 331"
BBC Big Band,BBC Big Band,BBC Big Band,"121, 127, 134, 135, 137, 145, 165, 169"
BBC Concert Orchestra,BBC Concert Orchestra,BBC Concert Orchestra,"273, 318, 319"
Bandzilla Rises,Bandzilla Rises,Bandzilla Rises,"278, 364, 398, 400, 427"
Barry Manilow,Barry Manilow,"Manilow, Barry","122, 128, 135, 147, 160, 278, 293, 297, 312, 340, 371"
Baskerville Jones,Baskerville Jones,"Jones, Baskerville","122, 171, 278, 400"
Bbc Radio,Bbc Radio,"Radio, Bbc","317, 393"
Be There,Be There,"There, Be","230, 231"
Bee Gees,Bee Gees,Bee Gees,"20, 344, 370"
Being Boring,Being Boring,Being Boring,"259, 260"
Ben Fenner,Ben Fenner,"Fenner, Ben","151, 158, 159, 350, 366, 368"
Betty Boo,Betty Boo,"Boo, Betty","1, 425"
Big Roll Band,Big Roll Band,Big Roll Band,"13, 17, 29, 41, 175, 411"
Bill Evans,Bill Evans,"Evans, Bill","17, 27, 31, 40, 61, 69, 152, 171, 352, 398"
Bill Kimber,Bill Kimber,"Kimber, Bill","88, 94, 97, 198, 213, 221"
Bill Sharpe,Bill Sharpe,"Sharpe, Bill","165, 423"
Billy Cobham,Billy Cobham,"Cobham, Billy","84, 159, 165, 191, 368, 383"
Billy Livsey,Billy Livsey,"Livsey, Billy","52, 53, 55, 111, 116, 117, 121, 124, 138, 173, 253, 283, 318, 403"
Blue Movies,Blue Movies,Blue Movies,"215, 424"
Bob Dylan,Bob Dylan,"Dylan, Bob","16, 18, 39, 42, 179, 422"
Bob Hope,Bob Hope,"Hope, Bob","4, 5, 10, 12, 39, 85"
Bob James,Bob James,"James, Bob","127, 158, 159, 290, 365, 368, 427"
Bob McDowall,Bob McDowall,"McDowall, Bob","290, 308, 317, 318, 320"
Breaking Away,Breaking Away,Breaking Away,"190, 424"
Brecker Brothers,Brecker Brothers,Brecker Brothers,"93, 207, 307"
Brenda Russell,Brenda Russell,"Russell, Brenda","121, 164, 277, 379"
Bright Eyes,Bright Eyes,Bright Eyes,"341, 342, 344, 345"
Bright Side,Bright Side,"Side, Bright","297, 323"
Bright Size Life,Bright Size Life,Bright Size Life,"59, 129, 131, 294"
Bruce Lynch,Bruce Lynch,"Lynch, Bruce","40, 41, 42, 45, 88, 89, 93, 99, 100"
Bruce Woolley,Bruce Woolley,"Woolley, Bruce","73, 74, 78, 94, 167, 168, 177, 211"
Brunel University,Brunel University,Brunel University,"293, 402"
Buddy Bregman,Buddy Bregman,"Bregman, Buddy","25, 26, 58"
Burt Bacharach,Burt Bacharach,"Bacharach, Burt","9, 22, 82, 122, 186, 278, 279"
Can You Forgive Her,Can You Forgive Her,Can You Forgive Her,"119, 120, 271, 272"
Can't Buy Me Love,Can't Buy Me Love,Can't Buy Me Love,"30, 344, 384"
Cat Stevens,Cat Stevens,"Stevens, Cat","35, 36, 40, 50, 78, 79, 88, 111, 423, 425"
Chaka Khan,Chaka Khan,"Khan, Chaka","8, 20, 102, 178, 232, 418"
Charlie Parker,Charlie Parker,"Parker, Charlie","27, 29, 62, 65"
Chick Corea,Chick Corea,"Corea, Chick","26, 42, 60, 72, 93, 127, 164, 177, 290, 415"
Chris Blackwell,Chris Blackwell,"Blackwell, Chris","166, 167"
Chris Brown,Chris Brown,"Brown, Chris","33, 74, 100, 228"
Chris Dagley,Chris Dagley,"Dagley, Chris","157, 162, 363, 375"
Chris Hunter,Chris Hunter,"Hunter, Chris","65, 67, 68, 69, 71, 72, 130, 131, 145, 146, 147, 150, 153, 156, 160, 162, 164, 297, 298"
Chris Neal,Chris Neal,"Neal, Chris","71, 87, 162, 196"
Cilla Black,Cilla Black,"Black, Cilla","122, 148, 278, 344, 425"
Clare Wheeler,Clare Wheeler,"Wheeler, Clare","166, 167, 385, 386"
Claude Williamson,Claude Williamson,"Williamson, Claude","5, 12, 63, 143"
Clive Dunstall,Clive Dunstall,"Dunstall, Clive","121, 156, 157, 166, 168, 173, 174, 176, 274, 361, 363, 385, 389, 406, 407, 414"
Clive Griffin,Clive Griffin,"Griffin, Clive","74, 95, 100, 102, 124, 136, 152, 168, 175, 214, 229, 232, 283, 316, 351, 410, 424, 425"
Close Encounters,Close Encounters,Close Encounters,"107, 111"
Club Deranged,Club Deranged,Club Deranged,"300, 385, 388, 427"
Colin Blunstone,Colin Blunstone,"Blunstone, Colin","25, 56, 57, 124"
Could It Be I'm Falling In Love,Could It Be I'm Falling In Love,Could It Be I'm Falling In Love,"190, 395"
Craig Pruess,Craig Pruess,"Pruess, Craig","107, 423"
Daisy Chute,Daisy Chute,"Chute, Daisy","129, 171, 295, 399"
Damon Butcher,Damon Butcher,"Butcher, Damon","68, 72, 153, 162"
Dangerous Game,Dangerous Game,Dangerous Game,"315, 425"
Danny Gottlieb,Danny Gottlieb,"Gottlieb, Danny","29, 59, 62, 65, 101, 130, 131, 132, 135, 138, 157, 170, 172, 230, 297, 300, 302, 313, 363, 395, 400"
Dave Bishop,Dave Bishop,"Bishop, Dave","93, 99, 101, 110, 152, 174, 209, 227, 231, 250, 351, 407"
David Arden,David Arden,"Arden, David","43, 44, 96, 97"
David Barnes,David Barnes,"Barnes, David","32, 33, 34, 41, 42, 73, 74, 76, 89, 94, 173"
David Courtney,David Courtney,"Courtney, David","52, 54, 114"
David Essex,David Essex,"Essex, David","35, 44, 78, 97, 98, 423"
David Gordon,David Gordon,"Gordon, David","35, 37, 78, 82"
David Katz,David Katz,"Katz, David","34, 57, 58, 64, 76, 77, 127, 128, 145"
David Platz,David Platz,"Platz, David","33, 35, 40, 41, 43, 74, 78, 89, 90, 94"
Deniece Williams,Deniece Williams,"Williams, Deniece","121, 171, 274, 400"
Derek Andrews,Derek Andrews,"Andrews, Derek","36, 44, 45, 80, 82, 98, 99, 145, 186, 335"
Derek Bramble,Derek Bramble,"Bramble, Derek","84, 86, 173, 190, 194, 403"
Derek Watkins,Derek Watkins,"Watkins, Derek","151, 158, 350, 366"
Diana Ross,Diana Ross,"Ross, Diana","100, 164, 227, 379"
Dick Morrissey,Dick Morrissey,"Morrissey, Dick","71, 73, 88, 162, 166, 168, 198, 389"
Dick Powell,Dick Powell,"Powell, Dick","4, 5, 9, 12"
Dill Katz,Dill Katz,"Katz, Dill","65, 69, 81, 82, 146, 157, 185, 186"
Doc Severinsen,Doc Severinsen,"Severinsen, Doc","53, 79, 94, 117, 118, 179, 212"
Don Paul,Don Paul,"Paul, Don","34, 43, 75, 95"
Don Peake,Don Peake,"Peake, Don","69, 157, 170, 171, 172, 396, 398, 402"
Doris Day,Doris Day,"Day, Doris","39, 84, 128, 292"
Down Low,Down Low,"Low, Down","387, 388"
Dudley Moore,Dudley Moore,"Moore, Dudley","17, 40, 178, 419"
Duke Ellington,Duke Ellington,"Ellington, Duke","26, 59, 80, 85, 98, 181, 192, 225"
Dusty Springfield,Dusty Springfield,"Springfield, Dusty","8, 20, 35, 37, 77, 80, 81, 115, 122, 183, 261, 278, 423"
Dylan Bell,Dylan Bell,"Bell, Dylan","384, 385"
EMI Music,EMI Music,EMI Music,"77, 111"
Ealing Jazz Festival,Ealing Jazz Festival,Ealing Jazz Festival,"141, 168, 326, 389"
Ed Barker,Ed Barker,"Barker, Ed","162, 168, 172, 376, 389, 400, 427"
Eden Studios,Eden Studios,Eden Studios,"196, 226, 228"
Elaine Gibbs,Elaine Gibbs,"Gibbs, Elaine","392, 393, 427"
Ella Fitzgerald,Ella Fitzgerald,"Fitzgerald, Ella","5, 12, 85, 191"
Elton John,Elton John,"John, Elton","37, 59, 82, 130, 141, 326"
Eric Clapton,Eric Clapton,"Clapton, Eric","17, 18, 19, 40, 43, 102, 115, 232, 262"
Essex Music,Essex Music,Essex Music,"73, 89, 105"
Everton Nelson,Everton Nelson,"Nelson, Everton","169, 174, 391, 407"
Five Star,Five Star,Five Star,"190, 424"
Frank Ricotti,Frank Ricotti,"Ricotti, Frank","76, 133, 173, 306"
Frank Rosolino,Frank Rosolino,"Rosolino, Frank","63, 143, 170, 397"
Frank Sinatra,Frank Sinatra,"Sinatra, Frank","5, 12, 128, 151, 292, 350"
Frank Zappa,Frank Zappa,"Zappa, Frank","25, 42, 57, 80, 93, 176, 181, 413"
Frankie Goes To Hollywood,Frankie Goes To Hollywood,Frankie Goes To Hollywood,"166, 195, 200, 226"
From Dreaming to Gigging,From Dreaming to Gigging,From Dreaming to Gigging,"402, 428"
Garry Travers,Garry Travers,"Travers, Garry","40, 43, 88, 94, 95"
Gary Barnacle,Gary Barnacle,"Barnacle, Gary","86, 90, 193, 204"
Gary Burton,Gary Burton,"Burton, Gary","25, 26, 28, 29, 57, 59, 60, 64, 129, 131, 133, 294, 306"
Gary Husband,Gary Husband,"Husband, Gary","84, 101, 131, 137, 144, 158, 159, 165, 168, 191, 230, 300, 301, 316, 333, 366, 367, 383, 390, 426"
Gavyn Wright,Gavyn Wright,"Wright, Gavyn","63, 76, 89, 91, 101, 119, 133, 135, 138, 142, 151, 158, 160, 161, 172, 201, 205, 231, 270, 303, 305, 314, 319, 350, 351, 364, 366, 371, 374"
Genghis Khan,Genghis Khan,"Khan, Genghis","169, 178, 393, 418"
George Benson,George Benson,"Benson, George","8, 20, 179, 422"
George Gluck,George Gluck,"Gluck, George","56, 74, 124, 168"
George Martin,George Martin,"Martin, George","60, 102, 103, 136, 173, 233, 234, 405"
George Michael,George Michael,"Michael, George","102, 135, 164, 232, 312, 379"
Gerard Presencer,Gerard Presencer,"Presencer, Gerard","120, 133, 152, 272, 305, 351"
Gil Evans,Gil Evans,"Evans, Gil","25, 57, 69, 78, 80, 85, 133, 156, 177, 181, 192, 306"
Ginger Baker,Ginger Baker,"Baker, Ginger","18, 19, 43"
Glade Jul,Glade Jul,Glade Jul,"279, 426"
Gloria Jones,Gloria Jones,"Jones, Gloria","78, 423"
Gloria Swanson,Gloria Swanson,"Swanson, Gloria","11, 25, 93, 211"
Go West,Go West,Go West,"264, 369, 370, 425"
Gold Star,Gold Star,"Star, Gold","141, 142"
Gold Star Studios,Gold Star Studios,Gold Star Studios,"23, 52, 63, 64, 141, 144"
Good Vibrations,Good Vibrations,Good Vibrations,"27, 314, 427"
Grace Jones,Grace Jones,"Jones, Grace","166, 167, 169, 303, 423"
Graeme Perkins,Graeme Perkins,"Perkins, Graeme","1, 182, 204, 244, 262, 265, 267, 284, 313, 322, 350"
Graham Bond Organization,Graham Bond Organization,Graham Bond Organization,"17, 18, 41, 42"
Graham Dee,Graham Dee,"Dee, Graham","38, 40, 82, 89, 423"
Greg Kane,Greg Kane,"Kane, Greg","132, 162, 302, 375"
Greg Rom,Greg Rom,"Rom, Greg","39, 40, 86, 87, 169, 393"
Guy Barker,Guy Barker,"Barker, Guy","68, 71, 72, 80, 81, 88, 93, 94, 103, 153, 161, 162, 164, 180, 183, 198, 210, 214, 234"
Hal Leonard,Hal Leonard,"Leonard, Hal","31, 70, 129, 294, 428"
Hamish Stuart,Hamish Stuart,"Stuart, Hamish","130, 139, 297, 322, 426"
Harold Battiste,Harold Battiste,"Battiste, Harold","292, 296"
Harry Warren,Harry Warren,"Warren, Harry","129, 130"
Heart Control,Heart Control,"Control, Heart","149, 423"
Heather Small,Heather Small,"Small, Heather","369, 427"
Henry Mancini,Henry Mancini,"Mancini, Henry","115, 165, 261, 382"
Herbie Hancock,Herbie Hancock,"Hancock, Herbie","134, 141, 308, 325"
Here We Come,Here We Come,Here We Come,"337, 426"
Holly Johnson,Holly Johnson,"Johnson, Holly","90, 99, 202, 226"
Hot Gossip,Hot Gossip,Hot Gossip,"102, 108, 109, 113, 423"
I Am Alive,I Am Alive,I Am Alive,"374, 425"
I Got No Strings,I Got No Strings,I Got No Strings,"309, 317"
Ian Palmer,Ian Palmer,"Palmer, Ian","170, 172, 174, 175, 177, 395, 400, 408, 409, 415, 428"
Ian Thomas,Ian Thomas,"Thomas, Ian","133, 135, 136, 137, 138, 139, 305, 309, 314, 318, 319, 321"
It's About Time,It's About Time,It's About Time,"162, 163, 164"
Jack Bruce,Jack Bruce,"Bruce, Jack","18, 19, 42, 43, 84, 191"
Jaco Pastorious,Jaco Pastorious,"Pastorious, Jaco","29, 59, 65, 133"
Jaki Benar,Jaki Benar,"Benar, Jaki","146, 147"
James Brown,James Brown,"Brown, James","80, 133, 152, 153, 160, 181, 306"
Jamie Talbot,Jamie Talbot,"Talbot, Jamie","103, 152, 174, 235, 351, 352, 407"
Janek Gwizdala,Janek Gwizdala,"Gwizdala, Janek","157, 159, 362, 367, 368"
Jay Azzolina,Jay Azzolina,"Azzolina, Jay","71, 412"
Jazz Guitar,Jazz Guitar,"Guitar, Jazz","402, 428"
Jeff Calvert,Jeff Calvert,"Calvert, Jeff","50, 66, 81, 82, 111, 150, 185, 187"
Jeremy Lubbock,Jeremy Lubbock,"Lubbock, Jeremy","76, 121, 128, 161, 172, 275, 292, 373"
Jerry Colonna,Jerry Colonna,"Colonna, Jerry","4, 5, 10, 12"
Jerry Wexler,Jerry Wexler,"Wexler, Jerry","82, 128, 142, 185, 292, 296, 330"
Jess Bailey,Jess Bailey,"Bailey, Jess","68, 69, 72, 81, 82, 88, 101, 103, 114, 153, 157, 163, 185, 186, 199, 230, 231, 235, 260, 355"
Jesse Lasky Jr,Jesse Lasky Jr,Jesse Lasky Jr,"6, 14, 30, 66, 68, 105, 153, 173, 239, 406, 429"
Jethro Tull,Jethro Tull,Jethro Tull,"153, 214, 370"
Jim Hall,Jim Hall,"Hall, Jim","17, 25, 40, 57, 129, 295"
Jim Mullen,Jim Mullen,"Mullen, Jim","71, 134, 135, 137, 157, 162, 172, 308, 309, 316, 364, 402, 412, 423, 427"
Jimi Hendrix,Jimi Hendrix,"Hendrix, Jimi","11, 13, 25, 30, 80, 181"
Jimmie Haskell,Jimmie Haskell,"Haskell, Jimmie","56, 123, 128, 292, 297"
Joe Cocker,Joe Cocker,"Cocker, Joe","351, 427"
Joe Hubbard,Joe Hubbard,"Hubbard, Joe","68, 69, 71, 72, 73, 153, 154, 156, 162, 166"
Joe Venuti,Joe Venuti,"Venuti, Joe","5, 12, 23, 29, 39, 40, 52, 63, 64, 85, 87, 141, 143, 144, 155, 360, 427, 428"
John Altman,John Altman,"Altman, John","47, 103, 128, 140, 159, 170, 293, 297, 324, 369, 396, 412"
John Boorman,John Boorman,"Boorman, John","29, 30, 66"
John Coltrane,John Coltrane,"Coltrane, John","67, 123, 150, 281"
John Lennon,John Lennon,"Lennon, John","52, 115, 158, 179, 365, 422"
John Mayall,John Mayall,"Mayall, John","17, 18, 19, 40, 43"
John Thirkell,John Thirkell,"Thirkell, John","86, 88, 90, 101, 103, 163, 170, 171, 172, 174, 193, 198, 204, 231, 235, 377, 395, 400, 401, 407"
John Williams,John Williams,"Williams, John","49, 50, 110, 111, 161, 176, 373, 414"
Johnny Carson,Johnny Carson,"Carson, Johnny","79, 94, 179, 212"
Johnny Mercer,Johnny Mercer,"Mercer, Johnny","141, 142"
Jon Anderson,Jon Anderson,"Anderson, Jon","23, 24, 52, 55"
Jones The Rhythm,Jones The Rhythm,Jones The Rhythm,"171, 172"
Joni Mitchell,Joni Mitchell,"Mitchell, Joni","106, 170, 241, 397"
Jonn Savannah,Jonn Savannah,"Savannah, Jonn","140, 141, 324, 327"
Joy Yates,Joy Yates,"Yates, Joy","40, 58, 88, 130"
Judy Mazel,Judy Mazel,"Mazel, Judy","155, 423"
Julie Andrews,Julie Andrews,"Andrews, Julie","66, 67, 135, 150, 151, 152, 314"
Kate Dimbleby,Kate Dimbleby,"Dimbleby, Kate","314, 427"
Kate St. John,Kate St. John,"St. John, Kate","234, 261, 268, 278, 297, 299, 345, 407"
Kate Winslet,Kate Winslet,"Winslet, Kate","146, 162, 337, 374, 427"
Kate Winter,Kate Winter,"Winter, Kate","120, 168, 273, 390"
Katherine Gang,Katherine Gang,Katherine Gang,"129, 156, 294, 360, 427"
Keith Moon,Keith Moon,"Moon, Keith","18, 41, 125, 284, 285"
Kenny Loggins,Kenny Loggins,"Loggins, Kenny","124, 160, 164, 283, 369, 379"
Kent Nebergall,Kent Nebergall,"Nebergall, Kent","59, 61, 133, 138"
Kid Creole,Kid Creole,"Creole, Kid","129, 132, 134, 295, 302, 307, 308"
Kim Chandler,Kim Chandler,"Chandler, Kim","135, 137, 139, 159, 168, 171, 175, 309, 318, 323, 368, 390, 399, 411"
Kiri Te Kanawa,Kiri Te Kanawa,Kiri Te Kanawa,"278, 425"
Kylie Minogue,Kylie Minogue,"Minogue, Kylie","315, 425"
Lamont Dozier Jr,Lamont Dozier Jr,Lamont Dozier Jr,"170, 171, 397, 399"
Lance Ellington,Lance Ellington,"Ellington, Lance","120, 121, 151, 272, 275, 351"
Last Vegas,Last Vegas,Last Vegas,"391, 392, 427"
Laurel Canyon,Laurel Canyon,Laurel Canyon,"2, 5, 6, 12"
Laurence Cottle,Laurence Cottle,"Cottle, Laurence","133, 135, 137, 168, 170, 174, 303, 305, 309, 318, 389, 395, 407"
Laurence Juber,Laurence Juber,"Juber, Laurence","33, 38, 45, 46, 48, 52, 56, 57, 59, 73, 74, 83, 99, 101, 105, 116, 124, 126, 131, 133, 155, 172, 305, 359, 403, 412"
Leo Sayer,Leo Sayer,"Sayer, Leo","51, 56, 59, 112, 113, 123, 133, 171, 173, 399, 406"
Leonard Bernstein,Leonard Bernstein,"Bernstein, Leonard","118, 165, 176, 177, 268, 382, 413, 415"
Leslie Smith,Leslie Smith,"Smith, Leslie","124, 141, 283, 327"
Let's Make Lots Of Money,Let's Make Lots Of Money,Let's Make Lots Of Money,"259, 260, 261"
Lifetime Records,Lifetime Records,Lifetime Records,"244, 285"
Like Giving Love,Like Giving Love,Like Giving Love,"190, 424"
Lost My Heart To,Lost My Heart To,Lost My Heart To,"107, 423"
Luck Be a Lady,Luck Be a Lady,Luck Be a Lady,"306, 310"
Lucky To Be Me,Lucky To Be Me,Lucky To Be Me,"164, 165, 379, 380, 382"
Luther Vandross,Luther Vandross,"Vandross, Luther","102, 124, 232, 283"
Lyle Mays,Lyle Mays,"Mays, Lyle","61, 106, 108, 129, 138, 177, 241, 294, 416"
Lyle Mays-ish,Lyle Mays-ish,"Mays-ish, Lyle","242, 245"
Mabel Todd,Mabel Todd,"Todd, Mabel","4, 5, 8, 9, 12"
Maceo Parker,Maceo Parker,"Parker, Maceo","153, 170, 355, 397"
Malcolm Maddock,Malcolm Maddock,"Maddock, Malcolm","110, 120, 135, 151, 154, 251, 272, 310, 313, 350, 357"
Manfred Eicher,Manfred Eicher,"Eicher, Manfred","59, 60, 62, 132, 135, 140"
Manfred Mann,Manfred Mann,"Mann, Manfred","19, 43, 82, 187"
Mariah Carey,Mariah Carey,"Carey, Mariah","337, 427"
Mark Egan,Mark Egan,"Egan, Mark","62, 130, 139, 175, 177, 297, 410, 415"
Mark Nightingale,Mark Nightingale,"Nightingale, Mark","119, 160, 163, 172, 174, 270, 371, 377, 400, 407"
Mark White,Mark White,"White, Mark","92, 157, 208, 363"
Marti Pellow,Marti Pellow,"Pellow, Marti","350, 427"
Martin Fry,Martin Fry,"Fry, Martin","92, 157, 208, 363"
Martin Shaw,Martin Shaw,"Shaw, Martin","131, 135, 300, 309"
Martin Taylor,Martin Taylor,"Taylor, Martin","59, 170, 395"
Marvin Gaye,Marvin Gaye,"Gaye, Marvin","8, 19, 59, 130, 170, 396"
Meat Loaf,Meat Loaf,"Loaf, Meat","85, 97, 193, 220"
Melody Maker,Melody Maker,Melody Maker,"41, 42, 43"
Metropolis Studios,Metropolis Studios,Metropolis Studios,"227, 374"
Michael Ball,Michael Ball,"Ball, Michael","151, 153, 350, 355"
Michael Brecker,Michael Brecker,"Brecker, Michael","65, 127, 129, 147, 290, 294"
Michael Jackson,Michael Jackson,"Jackson, Michael","315, 316"
Michael McDonald,Michael McDonald,"McDonald, Michael","225, 283, 314, 317, 319, 369"
Michael Ruff,Michael Ruff,"Ruff, Michael","110, 112, 124, 127, 132, 134, 136, 167, 173, 250, 254, 283, 290, 302, 308, 314, 388, 406, 425"
Michael Ruff Band,Michael Ruff Band,Michael Ruff Band,"327, 425"
Michel Legrand,Michel Legrand,"Legrand, Michel","164, 165, 379, 382, 428"
Mick Taylor,Mick Taylor,"Taylor, Mick","19, 20, 44, 45"
Mike Batt,Mike Batt,"Batt, Mike","147, 148, 341, 344"
Mike Bigwood,Mike Bigwood,"Bigwood, Mike","87, 95, 100, 120, 158, 197, 214, 216, 228, 271, 364"
Mike Gibbs,Mike Gibbs,"Gibbs, Mike","26, 27, 32, 60, 61, 71"
Mike Hawker,Mike Hawker,"Hawker, Mike","35, 77, 82, 186"
Mike Moran,Mike Moran,"Moran, Mike","51, 69, 113, 157"
Mike Parlett,Mike Parlett,"Parlett, Mike","169, 172, 393, 400"
Mike Stavrou,Mike Stavrou,"Stavrou, Mike","57, 58, 127, 130"
Mike Stern,Mike Stern,"Stern, Mike","32, 71, 127, 290, 412"
Mike Whitehead,Mike Whitehead,"Whitehead, Mike","26, 27, 29, 58, 60, 64"
Miles Davis,Miles Davis,"Davis, Miles","42, 61, 93, 136"
Mitch Coodley,Mitch Coodley,"Coodley, Mitch","26, 29, 32, 59, 64, 71, 176, 412"
Mitch Dalton,Mitch Dalton,"Dalton, Mitch","8, 21, 64, 68, 69, 73, 88, 140, 145, 153, 154, 156, 166, 172, 174, 198, 324, 403, 407"
Monty Python,Monty Python,"Python, Monty","21, 47, 140, 323"
Morey Amsterdam,Morey Amsterdam,"Amsterdam, Morey","4, 8, 9, 152, 351"
Nadia Delaye,Nadia Delaye,"Delaye, Nadia","124, 171, 283, 398"
Nathan East,Nathan East,"East, Nathan","93, 101, 115, 210, 231, 261, 262"
Neal Wilkinson,Neal Wilkinson,"Wilkinson, Neal","68, 72, 73, 88, 95, 106, 131, 135, 151, 153, 154, 162, 166, 199, 215, 242, 300, 310, 350"
Needed You,Needed You,"You, Needed","161, 424"
Neil Tennant,Neil Tennant,"Tennant, Neil","181, 221, 269"
Nelson Rangell,Nelson Rangell,"Rangell, Nelson","130, 131, 297, 298, 301"
Nelson Riddle,Nelson Riddle,"Riddle, Nelson","25, 57, 80, 114, 128, 151, 181, 259, 260, 292, 350"
Never Before,Never Before,"Before, Never","143, 427, 428"
Never Before...Never Again,Never Before...Never Again,Never Before...Never Again,"143, 428"
New Jazz Standards,New Jazz Standards,New Jazz Standards,"127, 169, 290, 393"
New York Version,New York Version,New York Version,"176, 177"
Nicholas Biddle,Nicholas Biddle,"Biddle, Nicholas","14, 15, 33"
Nick Romano,Nick Romano,"Romano, Nick","14, 129, 130"
Nick Smith,Nick Smith,"Smith, Nick","72, 73, 162, 164, 166"
Nigel Hitchcock,Nigel Hitchcock,"Hitchcock, Nigel","65, 70, 81, 120, 132, 133, 135, 136, 137, 142, 145, 147, 151, 152, 153, 157, 158, 162, 163, 165, 170, 172, 174, 179, 183, 272, 301, 304, 305, 309, 314, 316, 318, 331, 335, 350, 351, 355, 363, 366, 375, 376, 377, 382, 395, 400, 407, 422"
Night Blindness,Night Blindness,Night Blindness,"115, 423"
Nile Rodgers,Nile Rodgers,"Rodgers, Nile","92, 128, 207, 208, 292, 297"
Niles Smiles,Niles Smiles,Niles Smiles,"409, 417, 428"
Niles Smiles Music,Niles Smiles Music,Niles Smiles Music,"40, 64, 88, 143, 177, 428, 429"
Nils Landgren,Nils Landgren,"Landgren, Nils","283, 284"
Oliver Reed,Oliver Reed,"Reed, Oliver","125, 127, 284, 285, 289"
On Time,On Time,On Time,"152, 423"
Ordinary Day,Ordinary Day,"Day, Ordinary","192, 193, 424"
Original Records,Original Records,Original Records,"146, 148"
Osny Melo,Osny Melo,"Melo, Osny","282, 425"
Overture To Performance,Overture To Performance,Overture To Performance,"257, 425"
Pat Kane,Pat Kane,"Kane, Pat","135, 145, 309, 310, 336, 425"
Pat Metheny,Pat Metheny,"Metheny, Pat","28, 30, 64, 65, 68, 105, 106, 108, 129, 131, 147, 172, 179, 239, 242, 245, 247, 294, 298, 400, 422, 423, 424"
Pat Silver-Lasky,Pat Silver-Lasky,"Silver-Lasky, Pat","2, 3, 5, 6, 7, 11, 12, 15, 16, 27, 28, 29, 31, 38, 39, 45, 46, 47, 49, 58, 66, 73, 128, 275, 277, 278, 300, 301"
Paul Carrack,Paul Carrack,"Carrack, Paul","390, 427, 428"
Paul Hart,Paul Hart,"Hart, Paul","33, 43, 57, 74, 94, 126, 155, 359"
Paul McCartney,Paul McCartney,"McCartney, Paul","2, 56, 100, 223, 226, 303, 424, 427"
Paul Riser,Paul Riser,"Riser, Paul","8, 19, 20, 129, 295"
Paul Spong,Paul Spong,"Spong, Paul","103, 142, 152, 235, 331, 351"
Penny Lane,Penny Lane,Penny Lane,"175, 234"
Pet Shop,Pet Shop,"Shop, Pet","257, 263"
Pet Shop Boys,Pet Shop Boys,Pet Shop Boys,"97, 99, 115, 116, 118, 136, 160, 174, 221, 226, 262, 264, 267, 268, 315, 316, 370, 407, 424, 425, 427"
Peter Cox,Peter Cox,"Cox, Peter","369, 426"
Peter Dale,Peter Dale,"Dale, Peter","362, 363"
Peter John Vetesse,Peter John Vetesse,Peter John Vetesse,"94, 160, 214, 369"
Peter Van Hooke,Peter Van Hooke,Peter Van Hooke,"65, 69, 146, 157, 168, 390"
Phil Palmer,Phil Palmer,"Palmer, Phil","52, 116, 124, 282"
Phil Spalding,Phil Spalding,"Spalding, Phil","80, 134, 141, 159, 173, 181, 307, 326, 369, 403"
Phil Todd,Phil Todd,"Todd, Phil","88, 103, 199, 235"
Phoenix Studios,Phoenix Studios,Phoenix Studios,"348, 350"
Piano Grooves,Piano Grooves,Piano Grooves,"406, 428"
Pink Fairies,Pink Fairies,Pink Fairies,"54, 55"
Pizza Express Jazz Club,Pizza Express Jazz Club,Pizza Express Jazz Club,"131, 159, 166, 298, 301, 366, 386"
Point Plan,Point Plan,"Plan, Point","403, 428"
Polly Rae,Polly Rae,"Rae, Polly","315, 427"
Popped In Souled Out,Popped In Souled Out,Popped In Souled Out,"350, 426"
Popular Music,Popular Music,"Music, Popular","293, 428"
ProMix Academy,ProMix Academy,ProMix Academy,"406, 416, 429"
Produce Like A Pro,Produce Like A Pro,Produce Like A Pro,"406, 416"
Pure Wings,Pure Wings,Pure Wings,"50, 57, 59, 196"
Radio Richard,Radio Richard,Radio Richard,"103, 289, 296"
Randy Brecker,Randy Brecker,"Brecker, Randy","171, 172, 174, 399, 400, 408"
Randy Crawford,Randy Crawford,"Crawford, Randy","69, 103, 124, 156, 235, 283"
Randy Edleman,Randy Edleman,"Edleman, Randy","152, 423"
Ray Charles,Ray Charles,"Charles, Ray","69, 73, 134, 141, 142, 144, 157, 162, 165, 170, 307, 326, 329, 330, 333, 335, 376, 396, 397, 426"
Red Bus Studio,Red Bus Studio,Red Bus Studio,"65, 88, 146, 199"
Reg Presley,Reg Presley,"Presley, Reg","125, 126, 285, 288"
Richard Carpenter,Richard Carpenter,"Carpenter, Richard","9, 22, 128, 147, 292, 293, 297, 340"
Richard Cottle,Richard Cottle,"Cottle, Richard","133, 137, 158, 159, 162, 305, 318, 366, 367, 375"
Richard Darbyshire,Richard Darbyshire,"Darbyshire, Richard","80, 94, 120, 134, 135, 142, 173, 181, 213, 272, 307, 310, 330, 403, 425"
Richard Gillespie,Richard Gillespie,"Gillespie, Richard","23, 25, 53, 56"
Richard Lasky,Richard Lasky,"Lasky, Richard","13, 14, 30, 33"
Richard Niles,Richard Niles,"Niles, Richard","43, 53, 57, 62, 70, 80, 83, 84, 86, 87, 89, 90, 94, 95, 96, 98, 103, 116, 118, 119, 120, 121, 125, 127, 128, 132, 134, 138, 140, 141, 144, 149, 150, 151, 156, 157, 158, 163, 166, 167, 168, 172, 173, 176, 180, 189, 190, 194, 196, 200, 202, 212, 223, 235, 264, 270, 271, 274, 291, 292, 303, 307, 320, 325, 333, 344, 345, 348, 350, 361, 363, 376, 384, 386, 391, 401, 403, 412, 413, 426, 427, 428, 429"
Richard Sharpey,Richard Sharpey,"Sharpey, Richard","37, 40, 82, 88"
Richard Strauss,Richard Strauss,"Strauss, Richard","49, 50, 109, 111"
Rick Astley,Rick Astley,"Astley, Rick","102, 164, 232, 379"
Right Said Fred,Right Said Fred,Right Said Fred,"369, 426"
Righteous Brothers,Righteous Brothers,Righteous Brothers,"396, 397"
Ringo Starr,Ringo Starr,"Starr, Ringo","13, 31, 52, 115"
Rob Rickenberg,Rob Rickenberg,"Rickenberg, Rob","104, 158, 165, 238, 366, 382"
Rob Welti,Rob Welti,"Welti, Rob","13, 15, 18, 30, 35, 41"
Robbie Krieger,Robbie Krieger,"Krieger, Robbie","167, 170, 387, 395"
Robbie Williams,Robbie Williams,"Williams, Robbie","141, 148, 164, 326, 344, 379"
Robert Palmer,Robert Palmer,"Palmer, Robert","51, 114, 164, 379"
Roger Daltrey,Roger Daltrey,"Daltrey, Roger","18, 41, 85, 193"
Ronnie Scott,Ronnie Scott,Ronnie Scott,"1, 2, 109, 168, 248, 389"
Ruby Wax,Ruby Wax,"Wax, Ruby","219, 257"
Sally Farmiloe,Sally Farmiloe,"Farmiloe, Sally","28, 63, 81, 183"
Sam Burgess,Sam Burgess,"Burgess, Sam","131, 144, 300, 333"
Samantha Mumba,Samantha Mumba,"Mumba, Samantha","337, 427"
Santa Rita,Santa Rita,Santa Rita,"297, 299, 314, 426"
Sarah Brightman,Sarah Brightman,"Brightman, Sarah","44, 49, 67, 93, 96, 108, 109, 150, 209, 247, 423"
Sarah Vaughan,Sarah Vaughan,"Vaughan, Sarah","90, 128, 204, 292"
Sarm West Studios,Sarm West Studios,Sarm West Studios,"170, 221, 270"
Sean Chenery,Sean Chenery,"Chenery, Sean","80, 123, 125, 130, 135, 181, 280, 285, 297, 314"
Sex Me Talk Me,Sex Me Talk Me,Sex Me Talk Me,"195, 423, 424"
Sharon Campbell,Sharon Campbell,"Campbell, Sharon","65, 66, 67, 147, 150, 151"
Sheena Easton,Sheena Easton,"Easton, Sheena","161, 424"
Simon Andrew,Simon Andrew,"Andrew, Simon","87, 100, 196, 229, 424"
Simon Morton,Simon Morton,"Morton, Simon","42, 71, 94, 160"
Simon Phillips,Simon Phillips,"Phillips, Simon","48, 69, 105, 157"
Simple Minds,Simple Minds,Simple Minds,"97, 160, 223, 370"
Sitdown Sundown,Sitdown Sundown,Sitdown Sundown,"53, 58"
Skaila Kanga,Skaila Kanga,"Kanga, Skaila","76, 99, 135, 158, 160, 173, 174, 225, 314, 364, 366, 371, 407"
Slave To The Rhythm,Slave To The Rhythm,Slave To The Rhythm,"73, 74, 75, 80, 150, 166, 167, 168, 172, 180, 348, 423"
Snake Davis,Snake Davis,"Davis, Snake","95, 100, 101, 103, 159, 160, 175, 217, 229, 231, 235, 367, 369, 410"
So Hard,So Hard,So Hard,"259, 261"
Sometimes Like Butterflies,Sometimes Like Butterflies,Sometimes Like Butterflies,"185, 186"
Soul Shadows,Soul Shadows,Soul Shadows,"391, 427"
Sound Suite Studio,Sound Suite Studio,Sound Suite Studio,"68, 136, 153, 314"
Sounds Like Friday,Sounds Like Friday,Sounds Like Friday,"112, 113"
Space Oddity,Space Oddity,Space Oddity,"90, 94"
Spike Milligan,Spike Milligan,"Milligan, Spike","65, 113, 148, 256, 257"
Starship Trooper,Starship Trooper,Starship Trooper,"107, 108, 109, 111, 146, 150, 423"
Step By Step,Step By Step,Step By Step,"230, 424"
Stephen Gately,Stephen Gately,"Gately, Stephen","145, 147, 337, 341"
Stephen Sondheim,Stephen Sondheim,"Sondheim, Stephen","118, 148, 268, 344"
Steve Anderson,Steve Anderson,"Anderson, Steve","37, 81, 136, 152, 315, 351"
Steve Coe,Steve Coe,"Coe, Steve","48, 67, 106, 152"
Steve Hamilton,Steve Hamilton,"Hamilton, Steve","130, 131, 136, 144, 147, 149, 157, 165, 172, 175, 297, 298, 300, 314, 333, 341, 345, 363, 382, 400, 410"
Steve Lipson,Steve Lipson,"Lipson, Steve","73, 74, 78, 79, 89, 159, 167, 168, 170, 177, 178, 200, 201, 369"
Steve Mac,Steve Mac,"Mac, Steve","147, 148, 149, 150, 162, 336, 341, 342, 343, 344, 345, 347, 374"
Steve Rowland,Steve Rowland,"Rowland, Steve","8, 19, 27, 28, 47, 49, 53, 56, 62, 63, 64, 66, 70, 81, 85, 88, 89, 104, 105, 109, 118, 124, 144, 149, 159, 183, 193, 198, 200, 345"
Steve Rubie,Steve Rubie,"Rubie, Steve","389, 390"
Steve Swallow,Steve Swallow,"Swallow, Steve","26, 29, 60, 65"
Steve Taylor,Steve Taylor,"Taylor, Steve","65, 69, 146, 156"
Steve Vintner,Steve Vintner,"Vintner, Steve","104, 132, 137, 155, 156, 238, 301, 318, 358, 361"
Steve Whitman,Steve Whitman,"Whitman, Steve","20, 22, 37, 46, 49, 82"
Stevie Wonder,Stevie Wonder,"Wonder, Stevie","72, 133, 163, 164, 306"
Stone Jungle,Stone Jungle,"Jungle, Stone","122, 171, 278, 400"
Street Life,Street Life,Street Life,"156, 157"
Swing Out Sister,Swing Out Sister,Swing Out Sister,"20, 202, 207, 219, 231, 349, 424"
Take That,Take That,Take That,"315, 316, 425"
Talk Me,Talk Me,"Me, Talk","195, 424"
Tame Thy Pen,Tame Thy Pen,Tame Thy Pen,"30, 32, 68, 70, 166, 384"
Tell Me Where You're Going,Tell Me Where You're Going,Tell Me Where You're Going,"239, 241"
Ten Years After,Ten Years After,Ten Years After,"13, 17, 18, 29, 40, 41, 124, 282"
Terri Nunn,Terri Nunn,"Nunn, Terri","86, 87, 194, 195"
Terry Wogan,Terry Wogan,"Wogan, Terry","67, 84, 151, 189"
The Bandzilla Songbook,The Bandzilla Songbook,"Bandzilla Songbook, The","401, 428"
The Beach Boys,The Beach Boys,"Beach Boys, The","22, 76"
The Beatles,The Beatles,"Beatles, The","13, 30, 77, 99, 175, 226"
The Carpenters,The Carpenters,"Carpenters, The","34, 76, 128, 293"
The Comic Strip Presents,The Comic Strip Presents,"Comic Strip Presents, The","228, 229"
The Disco Sound Of Music,The Disco Sound Of Music,The Disco Sound Of Music,"150, 151"
The Epic,The Epic,The Epic,"134, 137"
The Feeling,The Feeling,"Feeling, The","349, 427"
The Invisible Artist,The Invisible Artist,"Invisible Artist, The","7, 17, 128, 293, 428"
The Marquee Club,The Marquee Club,"Marquee Club, The","13, 18, 29, 41"
The Pat Metheny Group,The Pat Metheny Group,The Pat Metheny Group,"131, 134"
The Pat Metheny Interviews,The Pat Metheny Interviews,"Pat Metheny Interviews, The","294, 428"
The Pretty Things,The Pretty Things,"Pretty Things, The","13, 17, 29, 41"
The Real Book,The Real Book,The Real Book,"66, 68, 70, 73, 145, 238"
The Rolling Stones,The Rolling Stones,The Rolling Stones,"42, 393"
The Strike,The Strike,The Strike,"228, 229"
The Swingle Singers,The Swingle Singers,"Swingle Singers, The","130, 166, 296, 385"
The Taiga Symphony,The Taiga Symphony,"Taiga Symphony, The","282, 424"
The Tonight Show,The Tonight Show,"Tonight Show, The","53, 79, 117, 179"
The Troggs,The Troggs,The Troggs,"285, 288"
The Who,The Who,The Who,"29, 40, 41, 194, 327"
There When I Needed You,There When I Needed You,There When I Needed You,"161, 424"
Thinkin' Bout My Baby,Thinkin' Bout My Baby,Thinkin' Bout My Baby,"330, 331"
This Quiet Room,This Quiet Room,This Quiet Room,"380, 428"
This Time,This Time,This Time,"348, 427"
Through The Years,Through The Years,Through The Years,"278, 425"
Thumbs Up,Thumbs Up,Thumbs Up,"163, 164, 423"
Tina Turner,Tina Turner,"Turner, Tina","53, 116, 141, 159, 164, 170, 326, 369, 379, 396, 423, 426"
Todd Rundgren,Todd Rundgren,"Rundgren, Todd","84, 165, 190, 382"
Tonight Show,Tonight Show,"Show, Tonight","79, 94, 179, 212"
Tony Momrelle,Tony Momrelle,"Momrelle, Tony","373, 426"
Tony Romano,Tony Romano,"Romano, Tony","3, 7, 23, 39, 40, 52, 58, 63, 85, 87, 129, 141, 142, 155, 359, 427"
Tony Visconti,Tony Visconti,"Visconti, Tony","33, 40, 42, 73, 89, 93, 94"
Tony Walthers,Tony Walthers,"Walthers, Tony","120, 131, 132, 133, 135, 137, 144, 164, 165, 272, 299, 301, 306, 309, 318, 333, 379, 382, 428"
Transcendental Meditation,Transcendental Meditation,Transcendental Meditation,"48, 52, 82"
Trevor Horn,Trevor Horn,"Horn, Trevor","48, 57, 71, 73, 77, 80, 84, 86, 87, 89, 97, 106, 116, 125, 161, 166, 174, 175, 180, 191, 194, 196, 200, 221, 264, 285, 407"
True To You,True To You,True To You,"365, 427"
Uri Geller,Uri Geller,"Geller, Uri","123, 126, 174, 280, 282, 288, 408"
Vic Emerson,Vic Emerson,"Emerson, Vic","90, 100, 203, 228"
Video Killed The Radio Star,Video Killed The Radio Star,Video Killed The Radio Star,"168, 211"
Want Your Love,Want Your Love,Want Your Love,"207, 208"
Was Not Was,Was Not Was,Was Not Was,"207, 424"
Wayne Hector,Wayne Hector,"Hector, Wayne","145, 162, 336, 374"
Wayne Shorter,Wayne Shorter,"Shorter, Wayne","72, 127, 134, 164, 290, 308"
West End Girls,West End Girls,West End Girls,"114, 115, 259, 261"
West Side Story,West Side Story,West Side Story,"118, 119, 166, 268, 269, 270, 386"
Wet Wet Wet,Wet Wet Wet,Wet Wet Wet,"349, 425, 426"
What A Fool Believes,What A Fool Believes,What A Fool Believes,"306, 310, 369, 426"
What Have I Done to Deserve This?,What Have I Done to Deserve This?,What Have I Done to Deserve This?,"259, 261"
Whatever Happened to Hollywood?,Whatever Happened to Hollywood?,Whatever Happened to Hollywood?,"406, 429"
Whatever You Want,Whatever You Want,Whatever You Want,"369, 426"
Wild Thing,Wild Thing,Wild Thing,"284, 286, 289, 425"
Wogan Tv,Wogan Tv,"Tv, Wogan","186, 248"
Woody Allen,Woody Allen,"Allen, Woody","387, 388"
World In Union,World In Union,World In Union,"278, 425"
Your Pillow,Your Pillow,"Pillow, Your","310, 313"
Zoot Money,Zoot Money,"Money, Zoot","13, 17, 29, 41, 175, 411"
and Fire Wind Earth,and Fire Wind Earth,"Earth, Wind, and Fire","93, 148, 357, 413"
